mode: set
github.com/numaestra/numaestra/internal/config/config.go:106.30,169.28 2 1
github.com/numaestra/numaestra/internal/config/config.go:169.28,171.3 1 0
github.com/numaestra/numaestra/internal/config/config.go:173.2,173.46 1 1
github.com/numaestra/numaestra/internal/config/config.go:173.46,175.3 1 1
github.com/numaestra/numaestra/internal/config/config.go:177.2,177.17 1 1
github.com/numaestra/numaestra/internal/config/config.go:182.42,183.47 1 1
github.com/numaestra/numaestra/internal/config/config.go:183.47,185.3 1 1
github.com/numaestra/numaestra/internal/config/config.go:186.2,186.17 1 1
github.com/numaestra/numaestra/internal/config/config.go:189.71,191.20 2 1
github.com/numaestra/numaestra/internal/config/config.go:191.20,193.3 1 1
github.com/numaestra/numaestra/internal/config/config.go:194.2,195.16 2 1
github.com/numaestra/numaestra/internal/config/config.go:195.16,197.3 1 1
github.com/numaestra/numaestra/internal/config/config.go:198.2,198.10 1 1
github.com/numaestra/numaestra/internal/config/config.go:201.52,203.20 2 1
github.com/numaestra/numaestra/internal/config/config.go:203.20,205.3 1 1
github.com/numaestra/numaestra/internal/config/config.go:206.2,207.16 2 1
github.com/numaestra/numaestra/internal/config/config.go:207.16,209.3 1 0
github.com/numaestra/numaestra/internal/config/config.go:210.2,210.10 1 1
github.com/numaestra/numaestra/internal/config/config.go:216.54,218.39 2 1
github.com/numaestra/numaestra/internal/config/config.go:218.39,220.3 1 1
github.com/numaestra/numaestra/internal/config/config.go:221.2,223.26 3 1
github.com/numaestra/numaestra/internal/config/config.go:223.26,224.53 1 1
github.com/numaestra/numaestra/internal/config/config.go:224.53,226.4 1 1
github.com/numaestra/numaestra/internal/config/config.go:228.2,228.12 1 1
github.com/numaestra/numaestra/internal/config/config.go:231.37,233.39 2 1
github.com/numaestra/numaestra/internal/config/config.go:233.39,235.3 1 1
github.com/numaestra/numaestra/internal/config/config.go:236.2,238.26 3 1
github.com/numaestra/numaestra/internal/config/config.go:238.26,239.53 1 1
github.com/numaestra/numaestra/internal/config/config.go:239.53,241.4 1 1
github.com/numaestra/numaestra/internal/config/config.go:243.2,243.12 1 1
github.com/numaestra/numaestra/internal/config/config.go:246.49,248.20 2 1
github.com/numaestra/numaestra/internal/config/config.go:248.20,250.3 1 1
github.com/numaestra/numaestra/internal/config/config.go:251.2,252.61 2 1
github.com/numaestra/numaestra/cmd/server/main.go:59.13,63.37 3 0
github.com/numaestra/numaestra/cmd/server/main.go:63.37,66.3 2 0
github.com/numaestra/numaestra/cmd/server/main.go:69.37,72.16 2 0
github.com/numaestra/numaestra/cmd/server/main.go:72.16,74.3 1 0
github.com/numaestra/numaestra/cmd/server/main.go:76.2,84.16 5 0
github.com/numaestra/numaestra/cmd/server/main.go:84.16,86.3 1 0
github.com/numaestra/numaestra/cmd/server/main.go:89.2,90.16 2 0
github.com/numaestra/numaestra/cmd/server/main.go:90.16,92.3 1 0
github.com/numaestra/numaestra/cmd/server/main.go:93.2,95.41 2 0
github.com/numaestra/numaestra/cmd/server/main.go:95.41,97.3 1 0
github.com/numaestra/numaestra/cmd/server/main.go:98.2,100.69 2 0
github.com/numaestra/numaestra/cmd/server/main.go:100.69,102.3 1 0
github.com/numaestra/numaestra/cmd/server/main.go:103.2,111.15 4 0
github.com/numaestra/numaestra/cmd/server/main.go:111.15,112.47 1 0
github.com/numaestra/numaestra/cmd/server/main.go:112.47,114.4 1 0
github.com/numaestra/numaestra/cmd/server/main.go:118.2,137.31 12 0
github.com/numaestra/numaestra/cmd/server/main.go:137.31,147.3 2 0
github.com/numaestra/numaestra/cmd/server/main.go:147.8,150.3 2 0
github.com/numaestra/numaestra/cmd/server/main.go:153.2,160.43 4 0
github.com/numaestra/numaestra/cmd/server/main.go:160.43,171.71 2 0
github.com/numaestra/numaestra/cmd/server/main.go:171.71,172.53 1 0
github.com/numaestra/numaestra/cmd/server/main.go:172.53,174.7 1 0
github.com/numaestra/numaestra/cmd/server/main.go:175.6,175.49 1 0
github.com/numaestra/numaestra/cmd/server/main.go:177.94,180.28 3 0
github.com/numaestra/numaestra/cmd/server/main.go:180.28,182.7 1 0
github.com/numaestra/numaestra/cmd/server/main.go:183.6,183.43 1 0
github.com/numaestra/numaestra/cmd/server/main.go:188.3,192.13 4 0
github.com/numaestra/numaestra/cmd/server/main.go:192.13,194.47 2 0
github.com/numaestra/numaestra/cmd/server/main.go:194.47,196.5 1 0
github.com/numaestra/numaestra/cmd/server/main.go:198.3,202.13 2 0
github.com/numaestra/numaestra/cmd/server/main.go:202.13,205.8 3 0
github.com/numaestra/numaestra/cmd/server/main.go:205.8,206.12 1 0
github.com/numaestra/numaestra/cmd/server/main.go:207.23,208.12 1 0
github.com/numaestra/numaestra/cmd/server/main.go:209.21,210.60 1 0
github.com/numaestra/numaestra/cmd/server/main.go:210.60,212.7 1 0
github.com/numaestra/numaestra/cmd/server/main.go:219.2,219.24 1 0
github.com/numaestra/numaestra/cmd/server/main.go:219.24,224.3 4 0
github.com/numaestra/numaestra/cmd/server/main.go:227.2,229.16 3 0
github.com/numaestra/numaestra/cmd/server/main.go:229.16,231.3 1 0
github.com/numaestra/numaestra/cmd/server/main.go:233.2,239.26 3 0
github.com/numaestra/numaestra/cmd/server/main.go:239.26,241.3 1 0
github.com/numaestra/numaestra/cmd/server/main.go:243.2,249.16 5 0
github.com/numaestra/numaestra/cmd/server/main.go:249.16,251.3 1 0
github.com/numaestra/numaestra/cmd/server/main.go:253.2,267.12 5 0
github.com/numaestra/numaestra/cmd/server/main.go:267.12,269.94 2 0
github.com/numaestra/numaestra/cmd/server/main.go:269.94,272.4 2 0
github.com/numaestra/numaestra/cmd/server/main.go:273.3,273.20 1 0
github.com/numaestra/numaestra/cmd/server/main.go:276.2,276.9 1 0
github.com/numaestra/numaestra/cmd/server/main.go:277.27,278.17 1 0
github.com/numaestra/numaestra/cmd/server/main.go:278.17,280.4 1 0
github.com/numaestra/numaestra/cmd/server/main.go:281.20,282.99 1 0
github.com/numaestra/numaestra/cmd/server/main.go:285.2,287.57 3 0
github.com/numaestra/numaestra/cmd/server/main.go:287.57,289.3 1 0
github.com/numaestra/numaestra/cmd/server/main.go:291.2,292.12 2 0
github.com/numaestra/numaestra/cmd/server/main.go:303.16,315.29 9 0
github.com/numaestra/numaestra/cmd/server/main.go:315.29,318.3 2 0
github.com/numaestra/numaestra/cmd/server/main.go:320.2,323.29 3 0
github.com/numaestra/numaestra/cmd/server/main.go:323.29,326.3 2 0
github.com/numaestra/numaestra/cmd/server/main.go:328.2,328.10 1 0
github.com/numaestra/numaestra/cmd/server/main.go:334.90,336.18 2 0
github.com/numaestra/numaestra/cmd/server/main.go:336.18,337.19 1 0
github.com/numaestra/numaestra/cmd/server/main.go:337.19,339.4 1 0
github.com/numaestra/numaestra/cmd/server/main.go:340.3,343.27 3 0
github.com/numaestra/numaestra/cmd/server/main.go:343.27,345.4 1 0
github.com/numaestra/numaestra/cmd/server/main.go:346.8,349.17 3 0
github.com/numaestra/numaestra/cmd/server/main.go:349.17,351.4 1 0
github.com/numaestra/numaestra/cmd/server/main.go:352.3,352.26 1 0
github.com/numaestra/numaestra/cmd/server/main.go:352.26,354.4 1 0
github.com/numaestra/numaestra/cmd/server/main.go:356.2,356.33 1 0
github.com/numaestra/numaestra/cmd/server/main.go:359.80,360.46 1 0
github.com/numaestra/numaestra/cmd/server/main.go:360.46,361.72 1 0
github.com/numaestra/numaestra/cmd/server/main.go:361.72,380.4 7 0
github.com/numaestra/numaestra/internal/repository/postgres/account_repository.go:21.92,23.2 1 0
github.com/numaestra/numaestra/internal/repository/postgres/account_repository.go:25.74,26.17 1 0
github.com/numaestra/numaestra/internal/repository/postgres/account_repository.go:26.17,28.3 1 0
github.com/numaestra/numaestra/internal/repository/postgres/account_repository.go:29.2,30.16 2 0
github.com/numaestra/numaestra/internal/repository/postgres/account_repository.go:30.16,32.3 1 0
github.com/numaestra/numaestra/internal/repository/postgres/account_repository.go:33.2,33.17 1 0
github.com/numaestra/numaestra/internal/repository/postgres/account_repository.go:36.75,37.18 1 0
github.com/numaestra/numaestra/internal/repository/postgres/account_repository.go:37.18,39.3 1 0
github.com/numaestra/numaestra/internal/repository/postgres/account_repository.go:40.2,41.16 2 0
github.com/numaestra/numaestra/internal/repository/postgres/account_repository.go:41.16,43.3 1 0
github.com/numaestra/numaestra/internal/repository/postgres/account_repository.go:44.2,44.19 1 0
github.com/numaestra/numaestra/internal/repository/postgres/account_repository.go:48.107,50.16 2 0
github.com/numaestra/numaestra/internal/repository/postgres/account_repository.go:50.16,52.3 1 0
github.com/numaestra/numaestra/internal/repository/postgres/account_repository.go:53.2,54.46 2 0
github.com/numaestra/numaestra/internal/repository/postgres/account_repository.go:60.62,61.38 1 0
github.com/numaestra/numaestra/internal/repository/postgres/account_repository.go:61.38,63.3 1 0
github.com/numaestra/numaestra/internal/repository/postgres/account_repository.go:64.2,64.15 1 0
github.com/numaestra/numaestra/internal/repository/postgres/account_repository.go:67.101,69.16 2 0
github.com/numaestra/numaestra/internal/repository/postgres/account_repository.go:69.16,71.3 1 0
github.com/numaestra/numaestra/internal/repository/postgres/account_repository.go:72.2,99.35 5 0
github.com/numaestra/numaestra/internal/repository/postgres/account_repository.go:99.35,101.3 1 0
github.com/numaestra/numaestra/internal/repository/postgres/account_repository.go:102.2,102.16 1 0
github.com/numaestra/numaestra/internal/repository/postgres/account_repository.go:102.16,104.3 1 0
github.com/numaestra/numaestra/internal/repository/postgres/account_repository.go:106.2,107.16 2 0
github.com/numaestra/numaestra/internal/repository/postgres/account_repository.go:107.16,109.3 1 0
github.com/numaestra/numaestra/internal/repository/postgres/account_repository.go:111.2,111.62 1 0
github.com/numaestra/numaestra/internal/repository/postgres/account_repository.go:111.62,113.3 1 0
github.com/numaestra/numaestra/internal/repository/postgres/account_repository.go:115.2,118.16 4 0
github.com/numaestra/numaestra/internal/repository/postgres/account_repository.go:118.16,120.3 1 0
github.com/numaestra/numaestra/internal/repository/postgres/account_repository.go:122.2,122.39 1 0
github.com/numaestra/numaestra/internal/repository/postgres/account_repository.go:122.39,124.3 1 0
github.com/numaestra/numaestra/internal/repository/postgres/account_repository.go:126.2,126.21 1 0
github.com/numaestra/numaestra/internal/repository/postgres/account_repository.go:129.101,137.35 4 0
github.com/numaestra/numaestra/internal/repository/postgres/account_repository.go:137.35,139.3 1 0
github.com/numaestra/numaestra/internal/repository/postgres/account_repository.go:140.2,140.16 1 0
github.com/numaestra/numaestra/internal/repository/postgres/account_repository.go:140.16,142.3 1 0
github.com/numaestra/numaestra/internal/repository/postgres/account_repository.go:143.2,144.16 2 0
github.com/numaestra/numaestra/internal/repository/postgres/account_repository.go:144.16,146.3 1 0
github.com/numaestra/numaestra/internal/repository/postgres/account_repository.go:147.2,147.21 1 0
github.com/numaestra/numaestra/internal/repository/postgres/account_repository.go:150.92,153.16 3 0
github.com/numaestra/numaestra/internal/repository/postgres/account_repository.go:153.16,155.3 1 0
github.com/numaestra/numaestra/internal/repository/postgres/account_repository.go:156.2,165.16 3 0
github.com/numaestra/numaestra/internal/repository/postgres/account_repository.go:165.16,167.3 1 0
github.com/numaestra/numaestra/internal/repository/postgres/account_repository.go:168.2,168.12 1 0
github.com/numaestra/numaestra/internal/repository/postgres/account_repository.go:171.92,179.16 4 0
github.com/numaestra/numaestra/internal/repository/postgres/account_repository.go:179.16,181.3 1 0
github.com/numaestra/numaestra/internal/repository/postgres/account_repository.go:182.2,182.29 1 0
github.com/numaestra/numaestra/internal/repository/postgres/account_repository.go:182.29,184.3 1 0
github.com/numaestra/numaestra/internal/repository/postgres/account_repository.go:185.2,185.12 1 0
github.com/numaestra/numaestra/internal/repository/postgres/account_repository.go:188.123,191.16 3 0
github.com/numaestra/numaestra/internal/repository/postgres/account_repository.go:191.16,193.3 1 0
github.com/numaestra/numaestra/internal/repository/postgres/account_repository.go:194.2,197.18 3 0
github.com/numaestra/numaestra/internal/repository/postgres/account_repository.go:197.18,204.17 3 0
github.com/numaestra/numaestra/internal/repository/postgres/account_repository.go:204.17,206.4 1 0
github.com/numaestra/numaestra/internal/repository/postgres/account_repository.go:207.3,208.17 2 0
github.com/numaestra/numaestra/internal/repository/postgres/account_repository.go:208.17,210.4 1 0
github.com/numaestra/numaestra/internal/repository/postgres/account_repository.go:211.3,211.35 1 0
github.com/numaestra/numaestra/internal/repository/postgres/account_repository.go:213.2,213.22 1 0
github.com/numaestra/numaestra/internal/repository/postgres/account_repository.go:217.86,220.16 3 0
github.com/numaestra/numaestra/internal/repository/postgres/account_repository.go:220.16,222.3 1 0
github.com/numaestra/numaestra/internal/repository/postgres/account_repository.go:223.2,226.18 3 0
github.com/numaestra/numaestra/internal/repository/postgres/account_repository.go:226.18,232.17 2 0
github.com/numaestra/numaestra/internal/repository/postgres/account_repository.go:232.17,234.4 1 0
github.com/numaestra/numaestra/internal/repository/postgres/account_repository.go:235.3,236.17 2 0
github.com/numaestra/numaestra/internal/repository/postgres/account_repository.go:236.17,238.4 1 0
github.com/numaestra/numaestra/internal/repository/postgres/account_repository.go:239.3,239.35 1 0
github.com/numaestra/numaestra/internal/repository/postgres/account_repository.go:241.2,241.22 1 0
github.com/numaestra/numaestra/internal/repository/postgres/account_repository.go:245.109,249.16 4 0
github.com/numaestra/numaestra/internal/repository/postgres/account_repository.go:249.16,251.3 1 0
github.com/numaestra/numaestra/internal/repository/postgres/account_repository.go:252.2,252.29 1 0
github.com/numaestra/numaestra/internal/repository/postgres/account_repository.go:252.29,254.3 1 0
github.com/numaestra/numaestra/internal/repository/postgres/account_repository.go:255.2,255.12 1 0
github.com/numaestra/numaestra/internal/repository/postgres/category_repository.go:18.66,20.2 1 0
github.com/numaestra/numaestra/internal/repository/postgres/category_repository.go:23.86,27.16 3 0
github.com/numaestra/numaestra/internal/repository/postgres/category_repository.go:27.16,29.3 1 0
github.com/numaestra/numaestra/internal/repository/postgres/category_repository.go:30.2,33.18 3 0
github.com/numaestra/numaestra/internal/repository/postgres/category_repository.go:33.18,35.113 2 0
github.com/numaestra/numaestra/internal/repository/postgres/category_repository.go:35.113,37.4 1 0
github.com/numaestra/numaestra/internal/repository/postgres/category_repository.go:38.3,38.64 1 0
github.com/numaestra/numaestra/internal/repository/postgres/category_repository.go:40.2,40.35 1 0
github.com/numaestra/numaestra/internal/repository/postgres/category_repository.go:40.35,42.3 1 0
github.com/numaestra/numaestra/internal/repository/postgres/category_repository.go:43.2,43.24 1 0
github.com/numaestra/numaestra/internal/repository/postgres/category_repository.go:48.96,101.35 5 0
github.com/numaestra/numaestra/internal/repository/postgres/category_repository.go:101.35,103.3 1 0
github.com/numaestra/numaestra/internal/repository/postgres/category_repository.go:104.2,104.16 1 0
github.com/numaestra/numaestra/internal/repository/postgres/category_repository.go:104.16,106.3 1 0
github.com/numaestra/numaestra/internal/repository/postgres/category_repository.go:108.2,108.71 1 0
github.com/numaestra/numaestra/internal/repository/postgres/category_repository.go:108.71,110.3 1 0
github.com/numaestra/numaestra/internal/repository/postgres/category_repository.go:112.2,112.42 1 0
github.com/numaestra/numaestra/internal/repository/postgres/order_repository.go:19.62,21.2 1 0
github.com/numaestra/numaestra/internal/repository/postgres/order_repository.go:28.60,29.38 1 0
github.com/numaestra/numaestra/internal/repository/postgres/order_repository.go:29.38,31.3 1 0
github.com/numaestra/numaestra/internal/repository/postgres/order_repository.go:32.2,32.15 1 0
github.com/numaestra/numaestra/internal/repository/postgres/order_repository.go:35.82,38.75 2 0
github.com/numaestra/numaestra/internal/repository/postgres/order_repository.go:38.75,50.17 3 0
github.com/numaestra/numaestra/internal/repository/postgres/order_repository.go:50.17,52.4 1 0
github.com/numaestra/numaestra/internal/repository/postgres/order_repository.go:54.3,54.69 1 0
github.com/numaestra/numaestra/internal/repository/postgres/order_repository.go:54.69,56.4 1 0
github.com/numaestra/numaestra/internal/repository/postgres/order_repository.go:57.3,57.13 1 0
github.com/numaestra/numaestra/internal/repository/postgres/order_repository.go:61.93,74.35 4 0
github.com/numaestra/numaestra/internal/repository/postgres/order_repository.go:74.35,76.3 1 0
github.com/numaestra/numaestra/internal/repository/postgres/order_repository.go:77.2,77.16 1 0
github.com/numaestra/numaestra/internal/repository/postgres/order_repository.go:77.16,79.3 1 0
github.com/numaestra/numaestra/internal/repository/postgres/order_repository.go:81.2,82.16 2 0
github.com/numaestra/numaestra/internal/repository/postgres/order_repository.go:82.16,84.3 1 0
github.com/numaestra/numaestra/internal/repository/postgres/order_repository.go:85.2,87.39 2 0
github.com/numaestra/numaestra/internal/repository/postgres/order_repository.go:90.103,103.35 4 0
github.com/numaestra/numaestra/internal/repository/postgres/order_repository.go:103.35,105.3 1 0
github.com/numaestra/numaestra/internal/repository/postgres/order_repository.go:106.2,106.16 1 0
github.com/numaestra/numaestra/internal/repository/postgres/order_repository.go:106.16,108.3 1 0
github.com/numaestra/numaestra/internal/repository/postgres/order_repository.go:110.2,111.16 2 0
github.com/numaestra/numaestra/internal/repository/postgres/order_repository.go:111.16,113.3 1 0
github.com/numaestra/numaestra/internal/repository/postgres/order_repository.go:114.2,116.39 2 0
github.com/numaestra/numaestra/internal/repository/postgres/order_repository.go:119.82,122.75 2 0
github.com/numaestra/numaestra/internal/repository/postgres/order_repository.go:122.75,129.17 3 0
github.com/numaestra/numaestra/internal/repository/postgres/order_repository.go:129.17,131.4 1 0
github.com/numaestra/numaestra/internal/repository/postgres/order_repository.go:132.3,132.30 1 0
github.com/numaestra/numaestra/internal/repository/postgres/order_repository.go:132.30,134.4 1 0
github.com/numaestra/numaestra/internal/repository/postgres/order_repository.go:136.3,136.69 1 0
github.com/numaestra/numaestra/internal/repository/postgres/order_repository.go:136.69,138.4 1 0
github.com/numaestra/numaestra/internal/repository/postgres/order_repository.go:139.3,139.13 1 0
github.com/numaestra/numaestra/internal/repository/postgres/order_repository.go:148.103,159.16 4 0
github.com/numaestra/numaestra/internal/repository/postgres/order_repository.go:159.16,161.3 1 0
github.com/numaestra/numaestra/internal/repository/postgres/order_repository.go:162.2,162.36 1 0
github.com/numaestra/numaestra/internal/repository/postgres/order_repository.go:165.126,172.16 3 0
github.com/numaestra/numaestra/internal/repository/postgres/order_repository.go:172.16,174.3 1 0
github.com/numaestra/numaestra/internal/repository/postgres/order_repository.go:175.2,179.18 4 0
github.com/numaestra/numaestra/internal/repository/postgres/order_repository.go:179.18,188.17 3 0
github.com/numaestra/numaestra/internal/repository/postgres/order_repository.go:188.17,190.4 1 0
github.com/numaestra/numaestra/internal/repository/postgres/order_repository.go:191.3,192.39 2 0
github.com/numaestra/numaestra/internal/repository/postgres/order_repository.go:194.2,194.35 1 0
github.com/numaestra/numaestra/internal/repository/postgres/order_repository.go:194.35,196.3 1 0
github.com/numaestra/numaestra/internal/repository/postgres/order_repository.go:197.2,197.21 1 0
github.com/numaestra/numaestra/internal/repository/postgres/order_repository.go:197.21,199.3 1 0
github.com/numaestra/numaestra/internal/repository/postgres/order_repository.go:202.2,203.16 2 0
github.com/numaestra/numaestra/internal/repository/postgres/order_repository.go:203.16,205.3 1 0
github.com/numaestra/numaestra/internal/repository/postgres/order_repository.go:208.2,209.29 2 0
github.com/numaestra/numaestra/internal/repository/postgres/order_repository.go:209.29,212.3 2 0
github.com/numaestra/numaestra/internal/repository/postgres/order_repository.go:213.2,213.20 1 0
github.com/numaestra/numaestra/internal/repository/postgres/order_repository.go:218.127,226.16 3 0
github.com/numaestra/numaestra/internal/repository/postgres/order_repository.go:226.16,228.3 1 0
github.com/numaestra/numaestra/internal/repository/postgres/order_repository.go:229.2,232.18 3 0
github.com/numaestra/numaestra/internal/repository/postgres/order_repository.go:232.18,235.107 3 0
github.com/numaestra/numaestra/internal/repository/postgres/order_repository.go:235.107,237.4 1 0
github.com/numaestra/numaestra/internal/repository/postgres/order_repository.go:238.3,238.47 1 0
github.com/numaestra/numaestra/internal/repository/postgres/order_repository.go:240.2,240.35 1 0
github.com/numaestra/numaestra/internal/repository/postgres/order_repository.go:240.35,242.3 1 0
github.com/numaestra/numaestra/internal/repository/postgres/order_repository.go:243.2,243.20 1 0
github.com/numaestra/numaestra/internal/repository/postgres/order_repository.go:246.126,252.16 3 0
github.com/numaestra/numaestra/internal/repository/postgres/order_repository.go:252.16,254.3 1 0
github.com/numaestra/numaestra/internal/repository/postgres/order_repository.go:255.2,259.18 4 0
github.com/numaestra/numaestra/internal/repository/postgres/order_repository.go:259.18,268.17 3 0
github.com/numaestra/numaestra/internal/repository/postgres/order_repository.go:268.17,270.4 1 0
github.com/numaestra/numaestra/internal/repository/postgres/order_repository.go:271.3,272.39 2 0
github.com/numaestra/numaestra/internal/repository/postgres/order_repository.go:274.2,274.35 1 0
github.com/numaestra/numaestra/internal/repository/postgres/order_repository.go:274.35,276.3 1 0
github.com/numaestra/numaestra/internal/repository/postgres/order_repository.go:277.2,277.21 1 0
github.com/numaestra/numaestra/internal/repository/postgres/order_repository.go:277.21,279.3 1 0
github.com/numaestra/numaestra/internal/repository/postgres/order_repository.go:281.2,282.16 2 0
github.com/numaestra/numaestra/internal/repository/postgres/order_repository.go:282.16,284.3 1 0
github.com/numaestra/numaestra/internal/repository/postgres/order_repository.go:286.2,287.29 2 0
github.com/numaestra/numaestra/internal/repository/postgres/order_repository.go:287.29,290.3 2 0
github.com/numaestra/numaestra/internal/repository/postgres/order_repository.go:291.2,291.20 1 0
github.com/numaestra/numaestra/internal/repository/postgres/order_repository.go:295.102,308.16 4 0
github.com/numaestra/numaestra/internal/repository/postgres/order_repository.go:308.16,309.36 1 0
github.com/numaestra/numaestra/internal/repository/postgres/order_repository.go:309.36,311.4 1 0
github.com/numaestra/numaestra/internal/repository/postgres/order_repository.go:312.3,312.63 1 0
github.com/numaestra/numaestra/internal/repository/postgres/order_repository.go:315.2,316.16 2 0
github.com/numaestra/numaestra/internal/repository/postgres/order_repository.go:316.16,318.3 1 0
github.com/numaestra/numaestra/internal/repository/postgres/order_repository.go:319.2,320.39 2 0
github.com/numaestra/numaestra/internal/repository/postgres/order_repository.go:324.77,326.96 2 0
github.com/numaestra/numaestra/internal/repository/postgres/order_repository.go:326.96,328.3 1 0
github.com/numaestra/numaestra/internal/repository/postgres/order_repository.go:329.2,329.16 1 0
github.com/numaestra/numaestra/internal/repository/postgres/order_repository.go:332.118,333.22 1 0
github.com/numaestra/numaestra/internal/repository/postgres/order_repository.go:333.22,335.3 1 0
github.com/numaestra/numaestra/internal/repository/postgres/order_repository.go:336.2,342.27 2 0
github.com/numaestra/numaestra/internal/repository/postgres/order_repository.go:342.27,344.17 2 0
github.com/numaestra/numaestra/internal/repository/postgres/order_repository.go:344.17,346.4 1 0
github.com/numaestra/numaestra/internal/repository/postgres/order_repository.go:348.2,348.12 1 0
github.com/numaestra/numaestra/internal/repository/postgres/order_repository.go:352.100,362.16 3 0
github.com/numaestra/numaestra/internal/repository/postgres/order_repository.go:362.16,364.3 1 0
github.com/numaestra/numaestra/internal/repository/postgres/order_repository.go:365.2,368.18 3 0
github.com/numaestra/numaestra/internal/repository/postgres/order_repository.go:368.18,376.17 2 0
github.com/numaestra/numaestra/internal/repository/postgres/order_repository.go:376.17,378.4 1 0
github.com/numaestra/numaestra/internal/repository/postgres/order_repository.go:379.3,379.30 1 0
github.com/numaestra/numaestra/internal/repository/postgres/order_repository.go:381.2,381.35 1 0
github.com/numaestra/numaestra/internal/repository/postgres/order_repository.go:381.35,383.3 1 0
github.com/numaestra/numaestra/internal/repository/postgres/order_repository.go:385.2,386.26 2 0
github.com/numaestra/numaestra/internal/repository/postgres/order_repository.go:386.26,388.3 1 0
github.com/numaestra/numaestra/internal/repository/postgres/order_repository.go:389.2,390.16 2 0
github.com/numaestra/numaestra/internal/repository/postgres/order_repository.go:390.16,392.3 1 0
github.com/numaestra/numaestra/internal/repository/postgres/order_repository.go:394.2,395.29 2 0
github.com/numaestra/numaestra/internal/repository/postgres/order_repository.go:395.29,398.3 2 0
github.com/numaestra/numaestra/internal/repository/postgres/order_repository.go:399.2,399.20 1 0
github.com/numaestra/numaestra/internal/repository/postgres/order_repository.go:403.70,406.16 3 0
github.com/numaestra/numaestra/internal/repository/postgres/order_repository.go:406.16,408.3 1 0
github.com/numaestra/numaestra/internal/repository/postgres/order_repository.go:409.2,409.19 1 0
github.com/numaestra/numaestra/internal/repository/postgres/order_repository.go:415.114,425.16 3 0
github.com/numaestra/numaestra/internal/repository/postgres/order_repository.go:425.16,427.3 1 0
github.com/numaestra/numaestra/internal/repository/postgres/order_repository.go:428.2,431.18 3 0
github.com/numaestra/numaestra/internal/repository/postgres/order_repository.go:431.18,439.17 2 0
github.com/numaestra/numaestra/internal/repository/postgres/order_repository.go:439.17,441.4 1 0
github.com/numaestra/numaestra/internal/repository/postgres/order_repository.go:442.3,442.30 1 0
github.com/numaestra/numaestra/internal/repository/postgres/order_repository.go:444.2,444.35 1 0
github.com/numaestra/numaestra/internal/repository/postgres/order_repository.go:444.35,446.3 1 0
github.com/numaestra/numaestra/internal/repository/postgres/order_repository.go:447.2,447.21 1 0
github.com/numaestra/numaestra/internal/repository/postgres/order_repository.go:447.21,449.3 1 0
github.com/numaestra/numaestra/internal/repository/postgres/order_repository.go:451.2,452.26 2 0
github.com/numaestra/numaestra/internal/repository/postgres/order_repository.go:452.26,454.3 1 0
github.com/numaestra/numaestra/internal/repository/postgres/order_repository.go:455.2,456.16 2 0
github.com/numaestra/numaestra/internal/repository/postgres/order_repository.go:456.16,458.3 1 0
github.com/numaestra/numaestra/internal/repository/postgres/order_repository.go:460.2,461.29 2 0
github.com/numaestra/numaestra/internal/repository/postgres/order_repository.go:461.29,464.3 2 0
github.com/numaestra/numaestra/internal/repository/postgres/order_repository.go:465.2,465.20 1 0
github.com/numaestra/numaestra/internal/repository/postgres/order_repository.go:468.109,471.16 3 0
github.com/numaestra/numaestra/internal/repository/postgres/order_repository.go:471.16,473.3 1 0
github.com/numaestra/numaestra/internal/repository/postgres/order_repository.go:474.2,477.18 3 0
github.com/numaestra/numaestra/internal/repository/postgres/order_repository.go:477.18,480.17 3 0
github.com/numaestra/numaestra/internal/repository/postgres/order_repository.go:480.17,482.4 1 0
github.com/numaestra/numaestra/internal/repository/postgres/order_repository.go:483.3,483.29 1 0
github.com/numaestra/numaestra/internal/repository/postgres/order_repository.go:485.2,485.20 1 0
github.com/numaestra/numaestra/internal/repository/postgres/tx.go:27.61,29.2 1 0
github.com/numaestra/numaestra/internal/repository/postgres/tx.go:31.56,34.2 2 0
github.com/numaestra/numaestra/internal/repository/postgres/tx.go:38.39,39.13 1 0
github.com/numaestra/numaestra/internal/repository/postgres/tx.go:39.13,41.3 1 0
github.com/numaestra/numaestra/internal/repository/postgres/tx.go:42.2,42.11 1 0
github.com/numaestra/numaestra/internal/repository/postgres/tx.go:51.50,53.2 1 0
github.com/numaestra/numaestra/internal/repository/postgres/tx.go:58.87,59.37 1 0
github.com/numaestra/numaestra/internal/repository/postgres/tx.go:59.37,62.3 1 0
github.com/numaestra/numaestra/internal/repository/postgres/tx.go:64.2,65.16 2 0
github.com/numaestra/numaestra/internal/repository/postgres/tx.go:65.16,67.3 1 0
github.com/numaestra/numaestra/internal/repository/postgres/tx.go:68.2,68.15 1 0
github.com/numaestra/numaestra/internal/repository/postgres/tx.go:68.15,72.3 1 0
github.com/numaestra/numaestra/internal/repository/postgres/tx.go:74.2,74.44 1 0
github.com/numaestra/numaestra/internal/repository/postgres/tx.go:74.44,76.3 1 0
github.com/numaestra/numaestra/internal/repository/postgres/tx.go:78.2,78.39 1 0
github.com/numaestra/numaestra/internal/repository/postgres/tx.go:78.39,80.3 1 0
github.com/numaestra/numaestra/internal/repository/postgres/tx.go:81.2,81.12 1 0
github.com/numaestra/numaestra/internal/repository/postgres/tx.go:88.110,89.38 1 0
github.com/numaestra/numaestra/internal/repository/postgres/tx.go:89.38,91.3 1 0
github.com/numaestra/numaestra/internal/repository/postgres/tx.go:93.2,94.16 2 0
github.com/numaestra/numaestra/internal/repository/postgres/tx.go:94.16,96.3 1 0
github.com/numaestra/numaestra/internal/repository/postgres/tx.go:97.2,97.15 1 0
github.com/numaestra/numaestra/internal/repository/postgres/tx.go:97.15,97.39 1 0
github.com/numaestra/numaestra/internal/repository/postgres/tx.go:99.2,99.48 1 0
github.com/numaestra/numaestra/internal/repository/postgres/tx.go:99.48,101.3 1 0
github.com/numaestra/numaestra/internal/repository/postgres/tx.go:102.2,102.23 1 0
github.com/numaestra/numaestra/pkg/circuitbreaker/breaker.go:47.70,53.2 1 1
github.com/numaestra/numaestra/pkg/circuitbreaker/breaker.go:59.45,61.17 2 1
github.com/numaestra/numaestra/pkg/circuitbreaker/breaker.go:62.17,63.41 1 1
github.com/numaestra/numaestra/pkg/circuitbreaker/breaker.go:63.41,66.4 2 1
github.com/numaestra/numaestra/pkg/circuitbreaker/breaker.go:68.3,68.26 1 1
github.com/numaestra/numaestra/pkg/circuitbreaker/breaker.go:70.2,77.16 5 1
github.com/numaestra/numaestra/pkg/circuitbreaker/breaker.go:77.16,79.60 2 1
github.com/numaestra/numaestra/pkg/circuitbreaker/breaker.go:79.60,82.4 2 1
github.com/numaestra/numaestra/pkg/circuitbreaker/breaker.go:83.3,83.13 1 1
github.com/numaestra/numaestra/pkg/circuitbreaker/breaker.go:87.2,89.12 3 1
github.com/numaestra/numaestra/pkg/circuitbreaker/breaker.go:93.34,96.17 3 1
github.com/numaestra/numaestra/pkg/circuitbreaker/breaker.go:97.17,98.16 1 1
github.com/numaestra/numaestra/pkg/circuitbreaker/breaker.go:99.21,100.21 1 0
github.com/numaestra/numaestra/pkg/circuitbreaker/breaker.go:101.10,102.18 1 1
github.com/numaestra/numaestra/internal/domain/account.go:73.93,74.17 1 1
github.com/numaestra/numaestra/internal/domain/account.go:74.17,76.3 1 1
github.com/numaestra/numaestra/internal/domain/account.go:77.2,77.28 1 1
github.com/numaestra/numaestra/internal/domain/account.go:77.28,79.3 1 1
github.com/numaestra/numaestra/internal/domain/account.go:80.2,80.22 1 1
github.com/numaestra/numaestra/internal/domain/account.go:80.22,82.3 1 1
github.com/numaestra/numaestra/internal/domain/account.go:84.2,94.8 2 1
github.com/numaestra/numaestra/internal/domain/account.go:98.58,99.11 1 1
github.com/numaestra/numaestra/internal/domain/account.go:99.11,101.3 1 0
github.com/numaestra/numaestra/internal/domain/account.go:102.2,104.12 3 1
github.com/numaestra/numaestra/internal/domain/account.go:125.61,127.23 2 1
github.com/numaestra/numaestra/internal/domain/account.go:127.23,130.3 1 1
github.com/numaestra/numaestra/internal/domain/account.go:131.2,144.3 1 1
github.com/numaestra/numaestra/internal/domain/account.go:148.50,148.65 1 1
github.com/numaestra/numaestra/internal/domain/account.go:149.50,149.69 1 1
github.com/numaestra/numaestra/internal/domain/account.go:150.50,150.68 1 1
github.com/numaestra/numaestra/internal/domain/account.go:151.50,151.79 1 1
github.com/numaestra/numaestra/internal/domain/account.go:152.50,152.75 1 1
github.com/numaestra/numaestra/internal/domain/account.go:153.51,153.76 1 1
github.com/numaestra/numaestra/internal/domain/account.go:154.51,154.82 1 1
github.com/numaestra/numaestra/internal/domain/account.go:155.51,155.79 1 1
github.com/numaestra/numaestra/internal/domain/account.go:156.51,156.77 1 1
github.com/numaestra/numaestra/internal/domain/account.go:157.51,157.73 1 1
github.com/numaestra/numaestra/internal/domain/account.go:161.55,162.37 1 1
github.com/numaestra/numaestra/internal/domain/account.go:162.37,164.3 1 1
github.com/numaestra/numaestra/internal/domain/account.go:165.2,165.25 1 1
github.com/numaestra/numaestra/internal/domain/account.go:165.25,167.3 1 0
github.com/numaestra/numaestra/internal/domain/account.go:168.2,168.60 1 1
github.com/numaestra/numaestra/internal/domain/account.go:168.60,170.3 1 0
github.com/numaestra/numaestra/internal/domain/account.go:171.2,171.47 1 1
github.com/numaestra/numaestra/internal/domain/account.go:171.47,173.3 1 1
github.com/numaestra/numaestra/internal/domain/account.go:174.2,174.13 1 1
github.com/numaestra/numaestra/internal/domain/account.go:182.56,183.25 1 1
github.com/numaestra/numaestra/internal/domain/account.go:183.25,185.3 1 1
github.com/numaestra/numaestra/internal/domain/account.go:186.2,189.12 4 1
github.com/numaestra/numaestra/internal/domain/account.go:195.37,196.27 1 1
github.com/numaestra/numaestra/internal/domain/account.go:196.27,198.3 1 1
github.com/numaestra/numaestra/internal/domain/account.go:199.2,201.11 3 1
github.com/numaestra/numaestra/internal/domain/account.go:205.55,206.16 1 1
github.com/numaestra/numaestra/internal/domain/account.go:206.16,208.3 1 0
github.com/numaestra/numaestra/internal/domain/account.go:209.2,209.29 1 1
github.com/numaestra/numaestra/internal/domain/account.go:209.29,211.3 1 1
github.com/numaestra/numaestra/internal/domain/account.go:212.2,213.25 2 1
github.com/numaestra/numaestra/internal/domain/account.go:213.25,215.3 1 1
github.com/numaestra/numaestra/internal/domain/account.go:216.2,217.12 2 1
github.com/numaestra/numaestra/internal/domain/account.go:221.61,226.2 4 1
github.com/numaestra/numaestra/internal/domain/account.go:230.54,232.33 2 1
github.com/numaestra/numaestra/internal/domain/account.go:232.33,234.3 1 1
github.com/numaestra/numaestra/internal/domain/account.go:235.2,235.11 1 1
github.com/numaestra/numaestra/internal/domain/account.go:239.39,242.2 2 1
github.com/numaestra/numaestra/internal/domain/account.go:249.46,252.2 2 0
github.com/numaestra/numaestra/internal/domain/account.go:254.31,256.2 1 1
github.com/numaestra/numaestra/internal/domain/account.go:278.54,293.2 1 1
github.com/numaestra/numaestra/internal/domain/category.go:46.52,56.2 1 1
github.com/numaestra/numaestra/internal/domain/category.go:59.48,69.2 1 1
github.com/numaestra/numaestra/internal/domain/category.go:72.50,72.65 1 1
github.com/numaestra/numaestra/internal/domain/category.go:73.50,73.68 1 1
github.com/numaestra/numaestra/internal/domain/category.go:74.50,74.74 1 1
github.com/numaestra/numaestra/internal/domain/category.go:75.50,75.76 1 1
github.com/numaestra/numaestra/internal/domain/category.go:76.50,76.70 1 1
github.com/numaestra/numaestra/internal/domain/category.go:77.50,77.81 1 1
github.com/numaestra/numaestra/internal/domain/category.go:78.50,78.72 1 1
github.com/numaestra/numaestra/internal/domain/category.go:82.50,99.2 2 1
github.com/numaestra/numaestra/internal/domain/order.go:104.137,105.48 1 1
github.com/numaestra/numaestra/internal/domain/order.go:105.48,107.3 1 1
github.com/numaestra/numaestra/internal/domain/order.go:108.2,108.17 1 1
github.com/numaestra/numaestra/internal/domain/order.go:108.17,110.3 1 1
github.com/numaestra/numaestra/internal/domain/order.go:111.2,111.52 1 1
github.com/numaestra/numaestra/internal/domain/order.go:111.52,113.3 1 1
github.com/numaestra/numaestra/internal/domain/order.go:114.2,114.24 1 1
github.com/numaestra/numaestra/internal/domain/order.go:114.24,116.3 1 1
github.com/numaestra/numaestra/internal/domain/order.go:118.2,121.16 3 1
github.com/numaestra/numaestra/internal/domain/order.go:121.16,123.3 1 0
github.com/numaestra/numaestra/internal/domain/order.go:125.2,140.8 1 1
github.com/numaestra/numaestra/internal/domain/order.go:144.44,146.40 2 1
github.com/numaestra/numaestra/internal/domain/order.go:146.40,148.3 1 0
github.com/numaestra/numaestra/internal/domain/order.go:149.2,149.35 1 1
github.com/numaestra/numaestra/internal/domain/order.go:176.43,187.2 1 1
github.com/numaestra/numaestra/internal/domain/order.go:191.53,191.68 1 1
github.com/numaestra/numaestra/internal/domain/order.go:192.53,192.75 1 1
github.com/numaestra/numaestra/internal/domain/order.go:193.53,193.79 1 1
github.com/numaestra/numaestra/internal/domain/order.go:194.53,194.79 1 1
github.com/numaestra/numaestra/internal/domain/order.go:195.53,195.71 1 1
github.com/numaestra/numaestra/internal/domain/order.go:196.53,196.76 1 1
github.com/numaestra/numaestra/internal/domain/order.go:197.53,197.76 1 1
github.com/numaestra/numaestra/internal/domain/order.go:198.53,198.79 1 1
github.com/numaestra/numaestra/internal/domain/order.go:199.53,199.74 1 1
github.com/numaestra/numaestra/internal/domain/order.go:200.53,200.79 1 1
github.com/numaestra/numaestra/internal/domain/order.go:201.53,201.82 1 1
github.com/numaestra/numaestra/internal/domain/order.go:202.53,202.83 1 1
github.com/numaestra/numaestra/internal/domain/order.go:203.53,203.72 1 1
github.com/numaestra/numaestra/internal/domain/order.go:204.53,204.79 1 1
github.com/numaestra/numaestra/internal/domain/order.go:205.53,205.77 1 1
github.com/numaestra/numaestra/internal/domain/order.go:206.53,206.75 1 0
github.com/numaestra/numaestra/internal/domain/order.go:207.53,207.75 1 1
github.com/numaestra/numaestra/internal/domain/order.go:212.34,213.42 1 1
github.com/numaestra/numaestra/internal/domain/order.go:213.42,215.3 1 1
github.com/numaestra/numaestra/internal/domain/order.go:216.2,216.45 1 1
github.com/numaestra/numaestra/internal/domain/order.go:216.45,218.3 1 0
github.com/numaestra/numaestra/internal/domain/order.go:219.2,223.12 5 1
github.com/numaestra/numaestra/internal/domain/order.go:227.43,228.45 1 1
github.com/numaestra/numaestra/internal/domain/order.go:228.45,230.3 1 0
github.com/numaestra/numaestra/internal/domain/order.go:231.2,233.12 3 1
github.com/numaestra/numaestra/internal/domain/order.go:237.38,238.42 1 1
github.com/numaestra/numaestra/internal/domain/order.go:238.42,240.3 1 1
github.com/numaestra/numaestra/internal/domain/order.go:241.2,243.12 3 1
github.com/numaestra/numaestra/internal/domain/order.go:249.33,250.42 1 1
github.com/numaestra/numaestra/internal/domain/order.go:250.42,252.3 1 1
github.com/numaestra/numaestra/internal/domain/order.go:253.2,253.47 1 1
github.com/numaestra/numaestra/internal/domain/order.go:253.47,255.3 1 0
github.com/numaestra/numaestra/internal/domain/order.go:256.2,258.12 3 1
github.com/numaestra/numaestra/internal/domain/order.go:262.60,263.50 1 1
github.com/numaestra/numaestra/internal/domain/order.go:263.50,265.3 1 0
github.com/numaestra/numaestra/internal/domain/order.go:266.2,269.12 4 1
github.com/numaestra/numaestra/internal/domain/order.go:273.48,274.54 1 1
github.com/numaestra/numaestra/internal/domain/order.go:274.54,276.3 1 0
github.com/numaestra/numaestra/internal/domain/order.go:277.2,277.22 1 1
github.com/numaestra/numaestra/internal/domain/order.go:277.22,279.3 1 1
github.com/numaestra/numaestra/internal/domain/order.go:280.2,285.12 6 1
github.com/numaestra/numaestra/internal/domain/order.go:289.43,290.53 1 1
github.com/numaestra/numaestra/internal/domain/order.go:290.53,292.3 1 0
github.com/numaestra/numaestra/internal/domain/order.go:293.2,296.12 4 1
github.com/numaestra/numaestra/internal/domain/order.go:301.41,302.54 1 1
github.com/numaestra/numaestra/internal/domain/order.go:302.54,304.3 1 0
github.com/numaestra/numaestra/internal/domain/order.go:305.2,308.12 4 1
github.com/numaestra/numaestra/internal/domain/order.go:311.25,313.2 1 1
github.com/numaestra/numaestra/internal/domain/order.go:326.42,348.2 1 1
github.com/numaestra/numaestra/pkg/encryption/aes.go:24.38,25.20 1 1
github.com/numaestra/numaestra/pkg/encryption/aes.go:25.20,27.3 1 1
github.com/numaestra/numaestra/pkg/encryption/aes.go:28.2,30.32 3 1
github.com/numaestra/numaestra/pkg/encryption/aes.go:35.63,37.16 2 1
github.com/numaestra/numaestra/pkg/encryption/aes.go:37.16,39.3 1 0
github.com/numaestra/numaestra/pkg/encryption/aes.go:40.2,41.16 2 1
github.com/numaestra/numaestra/pkg/encryption/aes.go:41.16,43.3 1 0
github.com/numaestra/numaestra/pkg/encryption/aes.go:44.2,45.59 2 1
github.com/numaestra/numaestra/pkg/encryption/aes.go:45.59,47.3 1 0
github.com/numaestra/numaestra/pkg/encryption/aes.go:48.2,49.55 2 1
github.com/numaestra/numaestra/pkg/encryption/aes.go:53.64,55.16 2 1
github.com/numaestra/numaestra/pkg/encryption/aes.go:55.16,57.3 1 1
github.com/numaestra/numaestra/pkg/encryption/aes.go:58.2,59.16 2 1
github.com/numaestra/numaestra/pkg/encryption/aes.go:59.16,61.3 1 0
github.com/numaestra/numaestra/pkg/encryption/aes.go:62.2,63.16 2 1
github.com/numaestra/numaestra/pkg/encryption/aes.go:63.16,65.3 1 0
github.com/numaestra/numaestra/pkg/encryption/aes.go:66.2,66.32 1 1
github.com/numaestra/numaestra/pkg/encryption/aes.go:66.32,68.3 1 1
github.com/numaestra/numaestra/pkg/encryption/aes.go:69.2,71.16 3 1
github.com/numaestra/numaestra/pkg/encryption/aes.go:71.16,73.3 1 1
github.com/numaestra/numaestra/pkg/encryption/aes.go:74.2,74.31 1 1
github.com/numaestra/numaestra/pkg/banner/banner.go:32.31,34.28 2 1
github.com/numaestra/numaestra/pkg/banner/banner.go:34.28,35.49 1 1
github.com/numaestra/numaestra/pkg/banner/banner.go:35.49,37.4 1 1
github.com/numaestra/numaestra/pkg/banner/banner.go:39.2,39.12 1 1
github.com/numaestra/numaestra/pkg/banner/banner.go:42.43,44.17 2 1
github.com/numaestra/numaestra/pkg/banner/banner.go:44.17,46.3 1 1
github.com/numaestra/numaestra/pkg/banner/banner.go:47.2,47.42 1 1
github.com/numaestra/numaestra/pkg/banner/banner.go:50.40,52.2 1 1
github.com/numaestra/numaestra/pkg/banner/banner.go:54.33,57.2 1 1
github.com/numaestra/numaestra/pkg/banner/banner.go:59.69,67.13 6 1
github.com/numaestra/numaestra/pkg/banner/banner.go:67.13,69.3 1 0
github.com/numaestra/numaestra/pkg/banner/banner.go:71.2,91.19 18 1
github.com/numaestra/numaestra/pkg/banner/banner.go:95.46,99.28 3 1
github.com/numaestra/numaestra/pkg/banner/banner.go:99.28,101.3 1 1
github.com/numaestra/numaestra/pkg/banner/banner.go:103.2,111.17 6 1
github.com/numaestra/numaestra/pkg/logger/logger.go:11.35,14.18 2 1
github.com/numaestra/numaestra/pkg/logger/logger.go:14.18,16.3 1 1
github.com/numaestra/numaestra/pkg/logger/logger.go:16.8,20.3 1 1
github.com/numaestra/numaestra/pkg/logger/logger.go:22.2,25.10 3 1
github.com/numaestra/numaestra/pkg/logger/neon_handler.go:26.57,27.9 1 1
github.com/numaestra/numaestra/pkg/logger/neon_handler.go:28.30,29.29 1 1
github.com/numaestra/numaestra/pkg/logger/neon_handler.go:30.30,31.28 1 1
github.com/numaestra/numaestra/pkg/logger/neon_handler.go:32.31,33.28 1 1
github.com/numaestra/numaestra/pkg/logger/neon_handler.go:34.10,35.26 1 1
github.com/numaestra/numaestra/pkg/logger/neon_handler.go:47.65,53.2 1 1
github.com/numaestra/numaestra/pkg/logger/neon_handler.go:55.73,57.2 1 1
github.com/numaestra/numaestra/pkg/logger/neon_handler.go:59.65,60.21 1 1
github.com/numaestra/numaestra/pkg/logger/neon_handler.go:60.21,62.3 1 1
github.com/numaestra/numaestra/pkg/logger/neon_handler.go:63.2,66.88 4 1
github.com/numaestra/numaestra/pkg/logger/neon_handler.go:69.59,70.16 1 1
github.com/numaestra/numaestra/pkg/logger/neon_handler.go:70.16,72.3 1 1
github.com/numaestra/numaestra/pkg/logger/neon_handler.go:74.2,74.102 1 1
github.com/numaestra/numaestra/pkg/logger/neon_handler.go:77.70,100.28 18 1
github.com/numaestra/numaestra/pkg/logger/neon_handler.go:100.28,102.3 1 1
github.com/numaestra/numaestra/pkg/logger/neon_handler.go:103.2,103.33 1 1
github.com/numaestra/numaestra/pkg/logger/neon_handler.go:103.33,106.3 2 1
github.com/numaestra/numaestra/pkg/logger/neon_handler.go:108.2,113.12 5 1
github.com/numaestra/numaestra/pkg/logger/neon_handler.go:116.64,118.26 2 1
github.com/numaestra/numaestra/pkg/logger/neon_handler.go:118.26,120.3 1 0
github.com/numaestra/numaestra/pkg/logger/neon_handler.go:123.2,123.38 1 1
github.com/numaestra/numaestra/pkg/logger/neon_handler.go:123.38,125.22 2 1
github.com/numaestra/numaestra/pkg/logger/neon_handler.go:125.22,127.4 1 0
github.com/numaestra/numaestra/pkg/logger/neon_handler.go:128.3,129.28 2 1
github.com/numaestra/numaestra/pkg/logger/neon_handler.go:129.28,131.4 1 1
github.com/numaestra/numaestra/pkg/logger/neon_handler.go:132.3,132.9 1 1
github.com/numaestra/numaestra/pkg/logger/neon_handler.go:135.2,139.72 3 1
github.com/numaestra/numaestra/pkg/logger/neon_handler.go:139.72,141.3 1 0
github.com/numaestra/numaestra/pkg/logger/neon_handler.go:143.2,152.26 10 1
github.com/numaestra/numaestra/pkg/migrate/migrate.go:47.95,52.16 2 0
github.com/numaestra/numaestra/pkg/migrate/migrate.go:52.16,54.3 1 0
github.com/numaestra/numaestra/pkg/migrate/migrate.go:55.2,57.91 2 0
github.com/numaestra/numaestra/pkg/migrate/migrate.go:57.91,59.3 1 0
github.com/numaestra/numaestra/pkg/migrate/migrate.go:60.2,63.65 2 0
github.com/numaestra/numaestra/pkg/migrate/migrate.go:63.65,65.3 1 0
github.com/numaestra/numaestra/pkg/migrate/migrate.go:68.2,69.16 2 0
github.com/numaestra/numaestra/pkg/migrate/migrate.go:69.16,71.3 1 0
github.com/numaestra/numaestra/pkg/migrate/migrate.go:74.2,75.16 2 0
github.com/numaestra/numaestra/pkg/migrate/migrate.go:75.16,77.3 1 0
github.com/numaestra/numaestra/pkg/migrate/migrate.go:79.2,80.28 2 0
github.com/numaestra/numaestra/pkg/migrate/migrate.go:80.28,81.56 1 0
github.com/numaestra/numaestra/pkg/migrate/migrate.go:81.56,83.4 1 0
github.com/numaestra/numaestra/pkg/migrate/migrate.go:85.2,88.29 2 0
github.com/numaestra/numaestra/pkg/migrate/migrate.go:88.29,89.20 1 0
github.com/numaestra/numaestra/pkg/migrate/migrate.go:89.20,91.12 2 0
github.com/numaestra/numaestra/pkg/migrate/migrate.go:94.3,95.17 2 0
github.com/numaestra/numaestra/pkg/migrate/migrate.go:95.17,97.4 1 0
github.com/numaestra/numaestra/pkg/migrate/migrate.go:99.3,99.70 1 0
github.com/numaestra/numaestra/pkg/migrate/migrate.go:99.70,101.4 1 0
github.com/numaestra/numaestra/pkg/migrate/migrate.go:103.3,103.67 1 0
github.com/numaestra/numaestra/pkg/migrate/migrate.go:106.2,106.12 1 0
github.com/numaestra/numaestra/pkg/migrate/migrate.go:109.88,111.16 2 0
github.com/numaestra/numaestra/pkg/migrate/migrate.go:111.16,113.3 1 0
github.com/numaestra/numaestra/pkg/migrate/migrate.go:114.2,117.18 3 0
github.com/numaestra/numaestra/pkg/migrate/migrate.go:117.18,119.39 2 0
github.com/numaestra/numaestra/pkg/migrate/migrate.go:119.39,121.4 1 0
github.com/numaestra/numaestra/pkg/migrate/migrate.go:122.3,122.20 1 0
github.com/numaestra/numaestra/pkg/migrate/migrate.go:124.2,124.28 1 0
github.com/numaestra/numaestra/pkg/migrate/migrate.go:127.89,129.16 2 0
github.com/numaestra/numaestra/pkg/migrate/migrate.go:129.16,131.3 1 0
github.com/numaestra/numaestra/pkg/migrate/migrate.go:132.2,134.45 2 0
github.com/numaestra/numaestra/pkg/migrate/migrate.go:134.45,136.3 1 0
github.com/numaestra/numaestra/pkg/migrate/migrate.go:138.2,140.16 1 0
github.com/numaestra/numaestra/pkg/migrate/migrate.go:140.16,142.3 1 0
github.com/numaestra/numaestra/pkg/migrate/migrate.go:144.2,144.23 1 0
github.com/numaestra/numaestra/internal/repository/suno/adapter.go:17.65,19.2 1 1
github.com/numaestra/numaestra/internal/repository/suno/adapter.go:23.116,31.16 3 1
github.com/numaestra/numaestra/internal/repository/suno/adapter.go:31.16,32.45 1 1
github.com/numaestra/numaestra/internal/repository/suno/adapter.go:32.45,34.4 1 0
github.com/numaestra/numaestra/internal/repository/suno/adapter.go:35.3,35.76 1 1
github.com/numaestra/numaestra/internal/repository/suno/adapter.go:38.2,38.21 1 1
github.com/numaestra/numaestra/internal/repository/suno/adapter.go:38.21,40.3 1 1
github.com/numaestra/numaestra/internal/repository/suno/adapter.go:42.2,43.29 2 1
github.com/numaestra/numaestra/internal/repository/suno/adapter.go:43.29,45.3 1 1
github.com/numaestra/numaestra/internal/repository/suno/adapter.go:47.2,48.27 2 1
github.com/numaestra/numaestra/internal/repository/suno/adapter.go:51.120,52.25 1 1
github.com/numaestra/numaestra/internal/repository/suno/adapter.go:52.25,54.3 1 1
github.com/numaestra/numaestra/internal/repository/suno/adapter.go:56.2,58.16 3 1
github.com/numaestra/numaestra/internal/repository/suno/adapter.go:58.16,60.3 1 0
github.com/numaestra/numaestra/internal/repository/suno/adapter.go:62.2,71.29 5 1
github.com/numaestra/numaestra/internal/repository/suno/adapter.go:71.29,72.22 1 1
github.com/numaestra/numaestra/internal/repository/suno/adapter.go:73.25,75.33 2 1
github.com/numaestra/numaestra/internal/repository/suno/adapter.go:76.28,81.6 1 1
github.com/numaestra/numaestra/internal/repository/suno/adapter.go:82.11,83.24 1 1
github.com/numaestra/numaestra/internal/repository/suno/adapter.go:87.2,87.15 1 1
github.com/numaestra/numaestra/internal/repository/suno/adapter.go:87.15,90.3 2 1
github.com/numaestra/numaestra/internal/repository/suno/adapter.go:90.8,90.26 1 1
github.com/numaestra/numaestra/internal/repository/suno/adapter.go:90.26,92.3 1 1
github.com/numaestra/numaestra/internal/repository/suno/adapter.go:94.2,94.20 1 1
github.com/numaestra/numaestra/pkg/notify/notify.go:37.52,39.2 1 1
github.com/numaestra/numaestra/pkg/notify/notify.go:41.108,49.2 2 1
github.com/numaestra/numaestra/pkg/notify/smtp_notifier.go:30.98,39.2 1 1
github.com/numaestra/numaestra/pkg/notify/smtp_notifier.go:41.102,42.23 1 1
github.com/numaestra/numaestra/pkg/notify/smtp_notifier.go:42.23,44.3 1 1
github.com/numaestra/numaestra/pkg/notify/smtp_notifier.go:46.2,54.19 7 1
github.com/numaestra/numaestra/pkg/notify/smtp_notifier.go:54.19,56.3 1 1
github.com/numaestra/numaestra/pkg/notify/smtp_notifier.go:56.8,58.3 1 1
github.com/numaestra/numaestra/pkg/notify/smtp_notifier.go:59.2,59.16 1 1
github.com/numaestra/numaestra/pkg/notify/smtp_notifier.go:63.88,67.24 3 1
github.com/numaestra/numaestra/pkg/notify/smtp_notifier.go:67.24,70.17 2 1
github.com/numaestra/numaestra/pkg/notify/smtp_notifier.go:70.17,72.4 1 0
github.com/numaestra/numaestra/pkg/notify/smtp_notifier.go:73.8,75.17 2 1
github.com/numaestra/numaestra/pkg/notify/smtp_notifier.go:75.17,77.4 1 1
github.com/numaestra/numaestra/pkg/notify/smtp_notifier.go:78.3,79.48 2 1
github.com/numaestra/numaestra/pkg/notify/smtp_notifier.go:79.48,81.4 1 1
github.com/numaestra/numaestra/pkg/notify/smtp_notifier.go:83.2,84.48 2 1
github.com/numaestra/numaestra/pkg/notify/smtp_notifier.go:88.91,91.16 3 1
github.com/numaestra/numaestra/pkg/notify/smtp_notifier.go:91.16,93.3 1 1
github.com/numaestra/numaestra/pkg/notify/smtp_notifier.go:94.2,97.16 3 0
github.com/numaestra/numaestra/pkg/notify/smtp_notifier.go:97.16,99.3 1 0
github.com/numaestra/numaestra/pkg/notify/smtp_notifier.go:100.2,102.48 2 0
github.com/numaestra/numaestra/pkg/notify/smtp_notifier.go:105.98,106.42 1 1
github.com/numaestra/numaestra/pkg/notify/smtp_notifier.go:106.42,108.3 1 1
github.com/numaestra/numaestra/pkg/notify/smtp_notifier.go:109.2,109.44 1 1
github.com/numaestra/numaestra/pkg/notify/smtp_notifier.go:109.44,111.3 1 0
github.com/numaestra/numaestra/pkg/notify/smtp_notifier.go:112.2,112.40 1 1
github.com/numaestra/numaestra/pkg/notify/smtp_notifier.go:112.40,114.3 1 1
github.com/numaestra/numaestra/pkg/notify/smtp_notifier.go:115.2,116.16 2 1
github.com/numaestra/numaestra/pkg/notify/smtp_notifier.go:116.16,118.3 1 0
github.com/numaestra/numaestra/pkg/notify/smtp_notifier.go:119.2,120.46 2 1
github.com/numaestra/numaestra/pkg/notify/smtp_notifier.go:120.46,122.3 1 0
github.com/numaestra/numaestra/pkg/notify/smtp_notifier.go:123.2,123.12 1 1
github.com/numaestra/numaestra/pkg/notify/smtp_notifier.go:127.74,129.38 2 1
github.com/numaestra/numaestra/pkg/notify/smtp_notifier.go:129.38,134.3 1 1
github.com/numaestra/numaestra/pkg/notify/smtp_notifier.go:136.2,187.3 1 1
github.com/numaestra/numaestra/pkg/notify/smtp_notifier.go:190.44,192.2 1 1
github.com/numaestra/numaestra/pkg/notify/smtp_notifier.go:195.76,197.20 2 1
github.com/numaestra/numaestra/pkg/notify/smtp_notifier.go:197.20,199.3 1 1
github.com/numaestra/numaestra/pkg/notify/smtp_notifier.go:201.2,209.20 9 1
github.com/numaestra/numaestra/pkg/openai/circuit_breaker.go:19.61,24.2 1 1
github.com/numaestra/numaestra/pkg/openai/circuit_breaker.go:26.89,28.35 2 1
github.com/numaestra/numaestra/pkg/openai/circuit_breaker.go:28.35,32.3 3 1
github.com/numaestra/numaestra/pkg/openai/circuit_breaker.go:33.2,33.20 1 1
github.com/numaestra/numaestra/pkg/openai/client.go:24.50,25.19 1 1
github.com/numaestra/numaestra/pkg/openai/client.go:25.19,27.3 1 1
github.com/numaestra/numaestra/pkg/openai/client.go:28.2,32.3 1 1
github.com/numaestra/numaestra/pkg/openai/client.go:51.88,68.16 3 1
github.com/numaestra/numaestra/pkg/openai/client.go:68.16,70.3 1 0
github.com/numaestra/numaestra/pkg/openai/client.go:72.2,74.16 3 1
github.com/numaestra/numaestra/pkg/openai/client.go:74.16,76.3 1 0
github.com/numaestra/numaestra/pkg/openai/client.go:78.2,86.16 6 1
github.com/numaestra/numaestra/pkg/openai/client.go:86.16,88.3 1 0
github.com/numaestra/numaestra/pkg/openai/client.go:89.2,91.38 2 1
github.com/numaestra/numaestra/pkg/openai/client.go:91.38,94.3 2 1
github.com/numaestra/numaestra/pkg/openai/client.go:96.2,97.69 2 1
github.com/numaestra/numaestra/pkg/openai/client.go:97.69,99.3 1 0
github.com/numaestra/numaestra/pkg/openai/client.go:101.2,101.32 1 1
github.com/numaestra/numaestra/pkg/openai/client.go:101.32,103.3 1 1
github.com/numaestra/numaestra/pkg/openai/client.go:105.2,105.49 1 1
github.com/numaestra/numaestra/pkg/suno/circuit_breaker.go:17.61,22.2 1 0
github.com/numaestra/numaestra/pkg/suno/circuit_breaker.go:24.90,26.35 2 0
github.com/numaestra/numaestra/pkg/suno/circuit_breaker.go:26.35,30.3 3 0
github.com/numaestra/numaestra/pkg/suno/circuit_breaker.go:31.2,31.20 1 0
github.com/numaestra/numaestra/pkg/suno/circuit_breaker.go:34.82,36.35 2 0
github.com/numaestra/numaestra/pkg/suno/circuit_breaker.go:36.35,40.3 3 0
github.com/numaestra/numaestra/pkg/suno/circuit_breaker.go:41.2,41.20 1 0
github.com/numaestra/numaestra/pkg/suno/client.go:40.50,48.2 1 1
github.com/numaestra/numaestra/pkg/suno/client.go:72.89,76.16 3 1
github.com/numaestra/numaestra/pkg/suno/client.go:76.16,78.3 1 0
github.com/numaestra/numaestra/pkg/suno/client.go:80.2,81.16 2 1
github.com/numaestra/numaestra/pkg/suno/client.go:81.16,83.3 1 0
github.com/numaestra/numaestra/pkg/suno/client.go:85.2,86.20 2 1
github.com/numaestra/numaestra/pkg/suno/client.go:86.20,88.3 1 1
github.com/numaestra/numaestra/pkg/suno/client.go:90.2,91.16 2 1
github.com/numaestra/numaestra/pkg/suno/client.go:91.16,93.3 1 1
github.com/numaestra/numaestra/pkg/suno/client.go:94.2,96.48 2 1
github.com/numaestra/numaestra/pkg/suno/client.go:96.48,98.3 1 0
github.com/numaestra/numaestra/pkg/suno/client.go:99.2,99.38 1 1
github.com/numaestra/numaestra/pkg/suno/client.go:99.38,102.3 2 1
github.com/numaestra/numaestra/pkg/suno/client.go:104.2,105.66 2 1
github.com/numaestra/numaestra/pkg/suno/client.go:105.66,107.3 1 1
github.com/numaestra/numaestra/pkg/suno/client.go:109.2,109.19 1 1
github.com/numaestra/numaestra/pkg/suno/client.go:113.81,114.19 1 1
github.com/numaestra/numaestra/pkg/suno/client.go:114.19,116.3 1 1
github.com/numaestra/numaestra/pkg/suno/client.go:118.2,121.16 3 1
github.com/numaestra/numaestra/pkg/suno/client.go:121.16,123.3 1 0
github.com/numaestra/numaestra/pkg/suno/client.go:125.2,125.20 1 1
github.com/numaestra/numaestra/pkg/suno/client.go:125.20,127.3 1 1
github.com/numaestra/numaestra/pkg/suno/client.go:129.2,130.16 2 1
github.com/numaestra/numaestra/pkg/suno/client.go:130.16,132.3 1 1
github.com/numaestra/numaestra/pkg/suno/client.go:133.2,135.48 2 1
github.com/numaestra/numaestra/pkg/suno/client.go:135.48,137.3 1 0
github.com/numaestra/numaestra/pkg/suno/client.go:138.2,138.38 1 1
github.com/numaestra/numaestra/pkg/suno/client.go:138.38,141.3 2 1
github.com/numaestra/numaestra/pkg/suno/client.go:143.2,144.66 2 1
github.com/numaestra/numaestra/pkg/suno/client.go:144.66,146.3 1 1
github.com/numaestra/numaestra/pkg/suno/client.go:148.2,148.19 1 1
github.com/numaestra/numaestra/pkg/suno/mock.go:19.89,20.27 1 1
github.com/numaestra/numaestra/pkg/suno/mock.go:20.27,22.3 1 1
github.com/numaestra/numaestra/pkg/suno/mock.go:23.2,26.8 1 1
github.com/numaestra/numaestra/pkg/suno/mock.go:30.81,31.26 1 1
github.com/numaestra/numaestra/pkg/suno/mock.go:31.26,33.3 1 1
github.com/numaestra/numaestra/pkg/suno/mock.go:34.2,35.25 2 1
github.com/numaestra/numaestra/pkg/suno/mock.go:35.25,42.3 1 1
github.com/numaestra/numaestra/pkg/suno/mock.go:43.2,43.19 1 1
github.com/numaestra/numaestra/pkg/robokassa/robokassa.go:42.75,51.2 1 1
github.com/numaestra/numaestra/pkg/robokassa/robokassa.go:57.84,62.14 4 1
github.com/numaestra/numaestra/pkg/robokassa/robokassa.go:62.14,64.3 1 1
github.com/numaestra/numaestra/pkg/robokassa/robokassa.go:66.2,74.47 8 1
github.com/numaestra/numaestra/pkg/robokassa/robokassa.go:80.70,88.2 3 1
github.com/numaestra/numaestra/pkg/robokassa/robokassa.go:94.47,96.23 2 1
github.com/numaestra/numaestra/pkg/robokassa/robokassa.go:96.23,99.3 2 1
github.com/numaestra/numaestra/pkg/robokassa/robokassa.go:100.2,100.77 1 1
github.com/numaestra/numaestra/pkg/robokassa/robokassa.go:106.55,108.13 2 1
github.com/numaestra/numaestra/pkg/robokassa/robokassa.go:108.13,110.3 1 1
github.com/numaestra/numaestra/pkg/robokassa/robokassa.go:112.2,113.18 2 1
github.com/numaestra/numaestra/pkg/robokassa/robokassa.go:113.18,115.3 1 1
github.com/numaestra/numaestra/pkg/robokassa/robokassa.go:117.2,118.27 2 1
github.com/numaestra/numaestra/pkg/robokassa/robokassa.go:118.27,120.3 1 1
github.com/numaestra/numaestra/pkg/robokassa/robokassa.go:122.2,123.17 2 1
github.com/numaestra/numaestra/pkg/robokassa/robokassa.go:123.17,124.22 1 1
github.com/numaestra/numaestra/pkg/robokassa/robokassa.go:125.10,126.11 1 1
github.com/numaestra/numaestra/pkg/robokassa/robokassa.go:127.10,129.28 2 1
github.com/numaestra/numaestra/pkg/robokassa/robokassa.go:129.28,131.5 1 0
github.com/numaestra/numaestra/pkg/robokassa/robokassa.go:132.4,132.16 1 1
github.com/numaestra/numaestra/pkg/robokassa/robokassa.go:133.10,135.28 2 1
github.com/numaestra/numaestra/pkg/robokassa/robokassa.go:135.28,137.5 1 1
github.com/numaestra/numaestra/pkg/robokassa/robokassa.go:138.4,138.11 1 1
github.com/numaestra/numaestra/pkg/robokassa/robokassa.go:139.11,140.117 1 1
github.com/numaestra/numaestra/pkg/robokassa/robokassa.go:144.2,144.27 1 1
github.com/numaestra/numaestra/pkg/robokassa/robokassa.go:151.80,162.16 9 1
github.com/numaestra/numaestra/pkg/robokassa/robokassa.go:162.16,164.3 1 0
github.com/numaestra/numaestra/pkg/robokassa/robokassa.go:165.2,168.16 3 1
github.com/numaestra/numaestra/pkg/robokassa/robokassa.go:168.16,170.3 1 1
github.com/numaestra/numaestra/pkg/robokassa/robokassa.go:171.2,174.38 3 1
github.com/numaestra/numaestra/pkg/robokassa/robokassa.go:174.38,176.3 1 1
github.com/numaestra/numaestra/pkg/robokassa/robokassa.go:179.2,180.39 2 1
github.com/numaestra/numaestra/pkg/robokassa/robokassa.go:180.39,182.3 1 1
github.com/numaestra/numaestra/pkg/robokassa/robokassa.go:183.2,183.12 1 1
github.com/numaestra/numaestra/pkg/robokassa/robokassa.go:188.59,191.2 2 1
github.com/numaestra/numaestra/pkg/robokassa/robokassa.go:195.59,198.2 2 1
github.com/numaestra/numaestra/pkg/robokassa/robokassa.go:200.32,203.2 2 1
github.com/numaestra/numaestra/internal/usecase/admin_usecase.go:34.17,41.2 1 1
github.com/numaestra/numaestra/internal/usecase/admin_usecase.go:46.137,48.16 2 1
github.com/numaestra/numaestra/internal/usecase/admin_usecase.go:48.16,50.3 1 0
github.com/numaestra/numaestra/internal/usecase/admin_usecase.go:51.2,51.23 1 1
github.com/numaestra/numaestra/internal/usecase/admin_usecase.go:51.23,52.66 1 1
github.com/numaestra/numaestra/internal/usecase/admin_usecase.go:52.66,54.4 1 0
github.com/numaestra/numaestra/internal/usecase/admin_usecase.go:56.2,56.56 1 1
github.com/numaestra/numaestra/internal/usecase/admin_usecase.go:56.56,58.3 1 1
github.com/numaestra/numaestra/internal/usecase/admin_usecase.go:59.2,60.17 2 1
github.com/numaestra/numaestra/internal/usecase/admin_usecase.go:64.90,66.16 2 1
github.com/numaestra/numaestra/internal/usecase/admin_usecase.go:66.16,68.3 1 1
github.com/numaestra/numaestra/internal/usecase/admin_usecase.go:69.2,69.22 1 1
github.com/numaestra/numaestra/internal/usecase/admin_usecase.go:73.112,74.16 1 1
github.com/numaestra/numaestra/internal/usecase/admin_usecase.go:75.125,75.125 0 1
github.com/numaestra/numaestra/internal/usecase/admin_usecase.go:77.10,78.115 1 1
github.com/numaestra/numaestra/internal/usecase/admin_usecase.go:80.2,80.66 1 1
github.com/numaestra/numaestra/internal/usecase/admin_usecase.go:80.66,82.3 1 1
github.com/numaestra/numaestra/internal/usecase/admin_usecase.go:83.2,84.12 2 1
github.com/numaestra/numaestra/internal/usecase/admin_usecase.go:89.106,90.14 1 1
github.com/numaestra/numaestra/internal/usecase/admin_usecase.go:90.14,92.3 1 1
github.com/numaestra/numaestra/internal/usecase/admin_usecase.go:93.2,93.34 1 1
github.com/numaestra/numaestra/internal/usecase/admin_usecase.go:93.34,95.3 1 1
github.com/numaestra/numaestra/internal/usecase/admin_usecase.go:96.2,99.16 3 1
github.com/numaestra/numaestra/internal/usecase/admin_usecase.go:99.16,101.3 1 1
github.com/numaestra/numaestra/internal/usecase/admin_usecase.go:103.2,104.16 2 1
github.com/numaestra/numaestra/internal/usecase/admin_usecase.go:104.16,106.3 1 1
github.com/numaestra/numaestra/internal/usecase/admin_usecase.go:107.2,107.27 1 1
github.com/numaestra/numaestra/internal/usecase/admin_usecase.go:111.92,113.16 2 1
github.com/numaestra/numaestra/internal/usecase/admin_usecase.go:113.16,115.3 1 1
github.com/numaestra/numaestra/internal/usecase/admin_usecase.go:116.2,116.19 1 1
github.com/numaestra/numaestra/internal/usecase/admin_usecase.go:122.83,124.16 2 1
github.com/numaestra/numaestra/internal/usecase/admin_usecase.go:124.16,126.3 1 1
github.com/numaestra/numaestra/internal/usecase/admin_usecase.go:128.2,128.55 1 1
github.com/numaestra/numaestra/internal/usecase/admin_usecase.go:128.55,130.3 1 1
github.com/numaestra/numaestra/internal/usecase/admin_usecase.go:132.2,133.69 2 1
github.com/numaestra/numaestra/internal/usecase/admin_usecase.go:133.69,135.3 1 1
github.com/numaestra/numaestra/internal/usecase/admin_usecase.go:137.2,137.45 1 1
github.com/numaestra/numaestra/internal/usecase/admin_usecase.go:137.45,139.3 1 0
github.com/numaestra/numaestra/internal/usecase/admin_usecase.go:141.2,141.56 1 1
github.com/numaestra/numaestra/internal/usecase/admin_usecase.go:141.56,143.3 1 1
github.com/numaestra/numaestra/internal/usecase/admin_usecase.go:145.2,146.12 2 1
github.com/numaestra/numaestra/internal/usecase/order_usecase.go:75.17,89.2 1 1
github.com/numaestra/numaestra/internal/usecase/order_usecase.go:94.122,95.55 1 1
github.com/numaestra/numaestra/internal/usecase/order_usecase.go:95.55,96.57 1 1
github.com/numaestra/numaestra/internal/usecase/order_usecase.go:96.57,98.4 1 0
github.com/numaestra/numaestra/internal/usecase/order_usecase.go:99.3,99.57 1 1
github.com/numaestra/numaestra/internal/usecase/order_usecase.go:99.57,101.4 1 1
github.com/numaestra/numaestra/internal/usecase/order_usecase.go:102.3,102.13 1 1
github.com/numaestra/numaestra/internal/usecase/order_usecase.go:113.154,116.17 1 1
github.com/numaestra/numaestra/internal/usecase/order_usecase.go:116.17,117.53 1 1
github.com/numaestra/numaestra/internal/usecase/order_usecase.go:117.53,119.4 1 1
github.com/numaestra/numaestra/internal/usecase/order_usecase.go:124.2,125.16 2 1
github.com/numaestra/numaestra/internal/usecase/order_usecase.go:125.16,127.3 1 1
github.com/numaestra/numaestra/internal/usecase/order_usecase.go:131.2,132.16 2 1
github.com/numaestra/numaestra/internal/usecase/order_usecase.go:132.16,134.3 1 0
github.com/numaestra/numaestra/internal/usecase/order_usecase.go:139.2,140.42 2 1
github.com/numaestra/numaestra/internal/usecase/order_usecase.go:140.42,142.17 2 0
github.com/numaestra/numaestra/internal/usecase/order_usecase.go:142.17,148.4 3 0
github.com/numaestra/numaestra/internal/usecase/order_usecase.go:151.2,152.16 2 1
github.com/numaestra/numaestra/internal/usecase/order_usecase.go:152.16,154.3 1 1
github.com/numaestra/numaestra/internal/usecase/order_usecase.go:156.2,156.56 1 1
github.com/numaestra/numaestra/internal/usecase/order_usecase.go:156.56,158.3 1 1
github.com/numaestra/numaestra/internal/usecase/order_usecase.go:160.2,162.19 3 1
github.com/numaestra/numaestra/internal/usecase/order_usecase.go:165.109,167.16 2 1
github.com/numaestra/numaestra/internal/usecase/order_usecase.go:167.16,169.3 1 1
github.com/numaestra/numaestra/internal/usecase/order_usecase.go:174.2,174.55 1 1
github.com/numaestra/numaestra/internal/usecase/order_usecase.go:174.55,178.3 2 1
github.com/numaestra/numaestra/internal/usecase/order_usecase.go:183.2,183.66 1 1
github.com/numaestra/numaestra/internal/usecase/order_usecase.go:183.66,188.3 2 0
github.com/numaestra/numaestra/internal/usecase/order_usecase.go:192.2,192.42 1 1
github.com/numaestra/numaestra/internal/usecase/order_usecase.go:192.42,197.3 2 1
github.com/numaestra/numaestra/internal/usecase/order_usecase.go:199.2,199.41 1 1
github.com/numaestra/numaestra/internal/usecase/order_usecase.go:199.41,201.3 1 0
github.com/numaestra/numaestra/internal/usecase/order_usecase.go:203.2,203.40 1 1
github.com/numaestra/numaestra/internal/usecase/order_usecase.go:203.40,205.3 1 0
github.com/numaestra/numaestra/internal/usecase/order_usecase.go:211.2,212.16 2 1
github.com/numaestra/numaestra/internal/usecase/order_usecase.go:212.16,214.3 1 1
github.com/numaestra/numaestra/internal/usecase/order_usecase.go:215.2,215.14 1 1
github.com/numaestra/numaestra/internal/usecase/order_usecase.go:215.14,219.3 2 1
github.com/numaestra/numaestra/internal/usecase/order_usecase.go:221.2,221.72 1 1
github.com/numaestra/numaestra/internal/usecase/order_usecase.go:221.72,224.3 2 1
github.com/numaestra/numaestra/internal/usecase/order_usecase.go:226.2,228.12 3 1
github.com/numaestra/numaestra/internal/usecase/order_usecase.go:235.93,237.16 2 1
github.com/numaestra/numaestra/internal/usecase/order_usecase.go:237.16,239.3 1 0
github.com/numaestra/numaestra/internal/usecase/order_usecase.go:241.2,241.63 1 1
github.com/numaestra/numaestra/internal/usecase/order_usecase.go:241.63,244.3 2 1
github.com/numaestra/numaestra/internal/usecase/order_usecase.go:247.2,248.16 2 1
github.com/numaestra/numaestra/internal/usecase/order_usecase.go:248.16,249.51 1 1
github.com/numaestra/numaestra/internal/usecase/order_usecase.go:249.51,252.4 2 1
github.com/numaestra/numaestra/internal/usecase/order_usecase.go:253.3,253.77 1 0
github.com/numaestra/numaestra/internal/usecase/order_usecase.go:257.2,257.60 1 1
github.com/numaestra/numaestra/internal/usecase/order_usecase.go:257.60,259.3 1 0
github.com/numaestra/numaestra/internal/usecase/order_usecase.go:260.2,267.30 3 1
github.com/numaestra/numaestra/internal/usecase/order_usecase.go:267.30,270.3 2 0
github.com/numaestra/numaestra/internal/usecase/order_usecase.go:270.8,279.17 4 1
github.com/numaestra/numaestra/internal/usecase/order_usecase.go:279.17,288.78 6 1
github.com/numaestra/numaestra/internal/usecase/order_usecase.go:288.78,290.5 1 0
github.com/numaestra/numaestra/internal/usecase/order_usecase.go:291.4,291.90 1 1
github.com/numaestra/numaestra/internal/usecase/order_usecase.go:293.3,293.68 1 1
github.com/numaestra/numaestra/internal/usecase/order_usecase.go:297.2,304.16 3 1
github.com/numaestra/numaestra/internal/usecase/order_usecase.go:304.16,308.55 1 1
github.com/numaestra/numaestra/internal/usecase/order_usecase.go:308.55,315.78 6 0
github.com/numaestra/numaestra/internal/usecase/order_usecase.go:315.78,318.5 1 0
github.com/numaestra/numaestra/internal/usecase/order_usecase.go:319.4,319.98 1 0
github.com/numaestra/numaestra/internal/usecase/order_usecase.go:322.3,331.77 7 1
github.com/numaestra/numaestra/internal/usecase/order_usecase.go:331.77,334.4 1 0
github.com/numaestra/numaestra/internal/usecase/order_usecase.go:335.3,335.62 1 1
github.com/numaestra/numaestra/internal/usecase/order_usecase.go:343.2,343.68 1 1
github.com/numaestra/numaestra/internal/usecase/order_usecase.go:343.68,347.3 1 0
github.com/numaestra/numaestra/internal/usecase/order_usecase.go:349.2,349.84 1 1
github.com/numaestra/numaestra/internal/usecase/order_usecase.go:349.84,351.3 1 0
github.com/numaestra/numaestra/internal/usecase/order_usecase.go:353.2,354.12 2 1
github.com/numaestra/numaestra/internal/usecase/order_usecase.go:357.115,359.16 2 1
github.com/numaestra/numaestra/internal/usecase/order_usecase.go:359.16,361.3 1 0
github.com/numaestra/numaestra/internal/usecase/order_usecase.go:363.2,363.67 1 1
github.com/numaestra/numaestra/internal/usecase/order_usecase.go:363.67,365.3 1 0
github.com/numaestra/numaestra/internal/usecase/order_usecase.go:367.2,368.16 2 1
github.com/numaestra/numaestra/internal/usecase/order_usecase.go:368.16,370.3 1 0
github.com/numaestra/numaestra/internal/usecase/order_usecase.go:372.2,372.114 1 1
github.com/numaestra/numaestra/internal/usecase/order_usecase.go:372.114,374.3 1 1
github.com/numaestra/numaestra/internal/usecase/order_usecase.go:376.2,377.16 2 1
github.com/numaestra/numaestra/internal/usecase/order_usecase.go:377.16,379.3 1 0
github.com/numaestra/numaestra/internal/usecase/order_usecase.go:381.2,381.23 1 1
github.com/numaestra/numaestra/internal/usecase/order_usecase.go:382.42,385.34 3 1
github.com/numaestra/numaestra/internal/usecase/order_usecase.go:386.45,388.36 2 1
github.com/numaestra/numaestra/internal/usecase/order_usecase.go:388.36,397.24 3 1
github.com/numaestra/numaestra/internal/usecase/order_usecase.go:397.24,401.5 2 1
github.com/numaestra/numaestra/internal/usecase/order_usecase.go:402.4,408.6 1 1
github.com/numaestra/numaestra/internal/usecase/order_usecase.go:411.3,411.54 1 1
github.com/numaestra/numaestra/internal/usecase/order_usecase.go:411.54,413.4 1 0
github.com/numaestra/numaestra/internal/usecase/order_usecase.go:415.3,419.34 5 1
github.com/numaestra/numaestra/internal/usecase/order_usecase.go:425.2,425.68 1 1
github.com/numaestra/numaestra/internal/usecase/order_usecase.go:425.68,427.3 1 0
github.com/numaestra/numaestra/internal/usecase/order_usecase.go:431.2,431.60 1 1
github.com/numaestra/numaestra/internal/usecase/order_usecase.go:431.60,433.36 2 1
github.com/numaestra/numaestra/internal/usecase/order_usecase.go:433.36,435.4 1 1
github.com/numaestra/numaestra/internal/usecase/order_usecase.go:436.3,442.24 1 1
github.com/numaestra/numaestra/internal/usecase/order_usecase.go:442.24,444.4 1 0
github.com/numaestra/numaestra/internal/usecase/order_usecase.go:447.2,448.12 2 1
github.com/numaestra/numaestra/internal/usecase/order_usecase.go:455.101,457.16 2 1
github.com/numaestra/numaestra/internal/usecase/order_usecase.go:457.16,459.3 1 1
github.com/numaestra/numaestra/internal/usecase/order_usecase.go:461.2,461.34 1 1
github.com/numaestra/numaestra/internal/usecase/order_usecase.go:462.71,464.13 1 1
github.com/numaestra/numaestra/internal/usecase/order_usecase.go:467.2,467.43 1 1
github.com/numaestra/numaestra/internal/usecase/order_usecase.go:467.43,469.3 1 0
github.com/numaestra/numaestra/internal/usecase/order_usecase.go:470.2,474.62 2 1
github.com/numaestra/numaestra/internal/usecase/order_usecase.go:474.62,476.17 2 1
github.com/numaestra/numaestra/internal/usecase/order_usecase.go:476.17,480.64 2 1
github.com/numaestra/numaestra/internal/usecase/order_usecase.go:480.64,482.5 1 0
github.com/numaestra/numaestra/internal/usecase/order_usecase.go:483.4,483.14 1 1
github.com/numaestra/numaestra/internal/usecase/order_usecase.go:485.3,487.69 3 1
github.com/numaestra/numaestra/internal/usecase/order_usecase.go:487.69,489.4 1 1
github.com/numaestra/numaestra/internal/usecase/order_usecase.go:490.3,492.13 2 1
github.com/numaestra/numaestra/internal/usecase/order_usecase.go:495.2,495.56 1 1
github.com/numaestra/numaestra/internal/usecase/order_usecase.go:495.56,497.3 1 0
github.com/numaestra/numaestra/internal/usecase/order_usecase.go:498.2,499.12 2 1
github.com/numaestra/numaestra/internal/usecase/order_usecase.go:502.92,504.16 2 1
github.com/numaestra/numaestra/internal/usecase/order_usecase.go:504.16,506.3 1 1
github.com/numaestra/numaestra/internal/usecase/order_usecase.go:507.2,507.19 1 1
github.com/numaestra/numaestra/internal/usecase/order_usecase.go:510.122,511.17 1 1
github.com/numaestra/numaestra/internal/usecase/order_usecase.go:511.17,513.3 1 1
github.com/numaestra/numaestra/internal/usecase/order_usecase.go:514.2,515.16 2 1
github.com/numaestra/numaestra/internal/usecase/order_usecase.go:515.16,517.3 1 0
github.com/numaestra/numaestra/internal/usecase/order_usecase.go:518.2,518.20 1 1
github.com/numaestra/numaestra/internal/usecase/order_usecase.go:521.122,522.17 1 1
github.com/numaestra/numaestra/internal/usecase/order_usecase.go:522.17,524.3 1 1
github.com/numaestra/numaestra/internal/usecase/order_usecase.go:525.2,526.16 2 1
github.com/numaestra/numaestra/internal/usecase/order_usecase.go:526.16,528.3 1 0
github.com/numaestra/numaestra/internal/usecase/order_usecase.go:529.2,529.20 1 1
github.com/numaestra/numaestra/internal/usecase/order_usecase.go:532.99,533.17 1 1
github.com/numaestra/numaestra/internal/usecase/order_usecase.go:533.17,535.3 1 1
github.com/numaestra/numaestra/internal/usecase/order_usecase.go:536.2,537.16 2 1
github.com/numaestra/numaestra/internal/usecase/order_usecase.go:537.16,539.3 1 0
github.com/numaestra/numaestra/internal/usecase/order_usecase.go:540.2,540.19 1 1
github.com/numaestra/numaestra/internal/usecase/order_usecase.go:555.71,558.16 3 0
github.com/numaestra/numaestra/internal/usecase/order_usecase.go:558.16,560.3 1 0
github.com/numaestra/numaestra/internal/usecase/order_usecase.go:561.2,561.22 1 0
github.com/numaestra/numaestra/internal/usecase/order_usecase.go:561.22,563.3 1 0
github.com/numaestra/numaestra/internal/usecase/order_usecase.go:565.2,566.31 2 0
github.com/numaestra/numaestra/internal/usecase/order_usecase.go:566.31,567.58 1 0
github.com/numaestra/numaestra/internal/usecase/order_usecase.go:567.58,571.4 1 0
github.com/numaestra/numaestra/internal/usecase/order_usecase.go:573.2,573.12 1 0
github.com/numaestra/numaestra/internal/usecase/order_usecase.go:576.91,580.48 2 0
github.com/numaestra/numaestra/internal/usecase/order_usecase.go:580.48,582.3 1 0
github.com/numaestra/numaestra/internal/usecase/order_usecase.go:583.2,585.22 2 0
github.com/numaestra/numaestra/internal/usecase/order_usecase.go:585.22,587.17 2 0
github.com/numaestra/numaestra/internal/usecase/order_usecase.go:587.17,591.4 2 0
github.com/numaestra/numaestra/internal/usecase/order_usecase.go:592.3,593.69 2 0
github.com/numaestra/numaestra/internal/usecase/order_usecase.go:593.69,595.4 1 0
github.com/numaestra/numaestra/internal/usecase/order_usecase.go:596.3,598.13 2 0
github.com/numaestra/numaestra/internal/usecase/order_usecase.go:601.2,601.56 1 0
github.com/numaestra/numaestra/internal/usecase/order_usecase.go:601.56,603.3 1 0
github.com/numaestra/numaestra/internal/usecase/order_usecase.go:604.2,605.12 2 0
github.com/numaestra/numaestra/internal/usecase/pricing.go:28.82,30.2 1 1
github.com/numaestra/numaestra/internal/usecase/pricing.go:32.62,33.16 1 1
github.com/numaestra/numaestra/internal/usecase/pricing.go:33.16,35.3 1 1
github.com/numaestra/numaestra/internal/usecase/pricing.go:36.2,37.9 2 1
github.com/numaestra/numaestra/internal/usecase/pricing.go:37.9,39.3 1 1
github.com/numaestra/numaestra/internal/usecase/pricing.go:40.2,40.18 1 1
github.com/numaestra/numaestra/internal/usecase/pricing.go:40.18,42.3 1 1
github.com/numaestra/numaestra/internal/usecase/pricing.go:43.2,43.21 1 1
github.com/numaestra/numaestra/internal/usecase/prompt_usecase.go:35.78,37.2 1 1
github.com/numaestra/numaestra/internal/usecase/prompt_usecase.go:41.44,43.2 1 0
github.com/numaestra/numaestra/internal/usecase/prompt_usecase.go:47.92,49.75 2 1
github.com/numaestra/numaestra/internal/usecase/prompt_usecase.go:49.75,53.3 3 1
github.com/numaestra/numaestra/internal/usecase/prompt_usecase.go:54.2,58.16 3 1
github.com/numaestra/numaestra/internal/usecase/prompt_usecase.go:58.16,60.3 1 1
github.com/numaestra/numaestra/internal/usecase/prompt_usecase.go:62.2,67.24 5 1
github.com/numaestra/numaestra/internal/usecase/prompt_usecase.go:71.102,73.2 1 1
github.com/numaestra/numaestra/internal/usecase/prompt_usecase.go:78.130,80.16 2 1
github.com/numaestra/numaestra/internal/usecase/prompt_usecase.go:80.16,82.3 1 1
github.com/numaestra/numaestra/internal/usecase/prompt_usecase.go:84.2,85.38 2 1
github.com/numaestra/numaestra/internal/usecase/prompt_usecase.go:85.38,88.3 2 1
github.com/numaestra/numaestra/internal/usecase/prompt_usecase.go:90.2,90.25 1 1
github.com/numaestra/numaestra/pkg/idempotency/store.go:43.41,45.2 1 1
github.com/numaestra/numaestra/pkg/idempotency/store.go:47.70,49.31 2 1
github.com/numaestra/numaestra/pkg/idempotency/store.go:49.31,51.3 1 1
github.com/numaestra/numaestra/pkg/idempotency/store.go:52.2,52.16 1 1
github.com/numaestra/numaestra/pkg/idempotency/store.go:52.16,54.3 1 1
github.com/numaestra/numaestra/pkg/idempotency/store.go:55.2,56.48 2 1
github.com/numaestra/numaestra/pkg/idempotency/store.go:56.48,58.3 1 0
github.com/numaestra/numaestra/pkg/idempotency/store.go:59.2,59.16 1 1
github.com/numaestra/numaestra/pkg/idempotency/store.go:64.64,66.16 2 1
github.com/numaestra/numaestra/pkg/idempotency/store.go:66.16,68.3 1 1
github.com/numaestra/numaestra/pkg/idempotency/store.go:69.2,69.9 1 1
github.com/numaestra/numaestra/pkg/idempotency/store.go:69.9,71.3 1 1
github.com/numaestra/numaestra/pkg/idempotency/store.go:72.2,72.12 1 1
github.com/numaestra/numaestra/pkg/idempotency/store.go:76.74,78.16 2 1
github.com/numaestra/numaestra/pkg/idempotency/store.go:78.16,80.3 1 0
github.com/numaestra/numaestra/pkg/idempotency/store.go:81.2,81.61 1 1
github.com/numaestra/numaestra/pkg/idempotency/store.go:84.63,86.2 1 1
github.com/numaestra/numaestra/pkg/health/health.go:35.60,37.2 1 1
github.com/numaestra/numaestra/pkg/health/health.go:46.67,56.27 5 1
github.com/numaestra/numaestra/pkg/health/health.go:56.27,57.16 1 1
github.com/numaestra/numaestra/pkg/health/health.go:57.16,59.9 2 1
github.com/numaestra/numaestra/pkg/health/health.go:63.2,64.21 2 1
github.com/numaestra/numaestra/pkg/health/health.go:64.21,66.3 1 1
github.com/numaestra/numaestra/pkg/health/health.go:68.2,70.77 3 1
github.com/numaestra/numaestra/pkg/health/health.go:73.61,74.39 1 1
github.com/numaestra/numaestra/pkg/health/health.go:74.39,76.3 1 1
github.com/numaestra/numaestra/pkg/health/health.go:77.2,77.13 1 1
github.com/numaestra/numaestra/pkg/health/health.go:80.39,87.46 3 1
github.com/numaestra/numaestra/pkg/health/health.go:87.46,89.3 1 1
github.com/numaestra/numaestra/pkg/health/health.go:90.2,90.13 1 1
github.com/numaestra/numaestra/internal/delivery/http/admin_handler.go:23.80,25.2 1 1
github.com/numaestra/numaestra/internal/delivery/http/admin_handler.go:27.44,31.42 3 1
github.com/numaestra/numaestra/internal/delivery/http/admin_handler.go:31.42,35.3 3 1
github.com/numaestra/numaestra/internal/delivery/http/admin_handler.go:37.2,37.40 1 1
github.com/numaestra/numaestra/internal/delivery/http/admin_handler.go:37.40,41.3 3 1
github.com/numaestra/numaestra/internal/delivery/http/admin_handler.go:43.2,43.10 1 1
github.com/numaestra/numaestra/internal/delivery/http/admin_handler.go:64.65,74.2 1 1
github.com/numaestra/numaestra/internal/delivery/http/admin_handler.go:98.63,101.32 3 1
github.com/numaestra/numaestra/internal/delivery/http/admin_handler.go:101.32,103.3 1 0
github.com/numaestra/numaestra/internal/delivery/http/admin_handler.go:104.2,115.3 1 1
github.com/numaestra/numaestra/internal/delivery/http/admin_handler.go:120.77,122.16 2 1
github.com/numaestra/numaestra/internal/delivery/http/admin_handler.go:122.16,126.3 3 1
github.com/numaestra/numaestra/internal/delivery/http/admin_handler.go:128.2,129.31 2 1
github.com/numaestra/numaestra/internal/delivery/http/admin_handler.go:129.31,131.3 1 0
github.com/numaestra/numaestra/internal/delivery/http/admin_handler.go:132.2,132.37 1 1
github.com/numaestra/numaestra/internal/delivery/http/admin_handler.go:135.75,137.61 2 1
github.com/numaestra/numaestra/internal/delivery/http/admin_handler.go:137.61,140.3 2 1
github.com/numaestra/numaestra/internal/delivery/http/admin_handler.go:141.2,141.42 1 1
github.com/numaestra/numaestra/internal/delivery/http/admin_handler.go:141.42,144.3 2 1
github.com/numaestra/numaestra/internal/delivery/http/admin_handler.go:146.2,147.16 2 1
github.com/numaestra/numaestra/internal/delivery/http/admin_handler.go:147.16,151.3 3 1
github.com/numaestra/numaestra/internal/delivery/http/admin_handler.go:152.2,152.60 1 1
github.com/numaestra/numaestra/internal/delivery/http/admin_handler.go:155.81,158.16 3 1
github.com/numaestra/numaestra/internal/delivery/http/admin_handler.go:158.16,161.3 2 1
github.com/numaestra/numaestra/internal/delivery/http/admin_handler.go:163.2,164.61 2 1
github.com/numaestra/numaestra/internal/delivery/http/admin_handler.go:164.61,167.3 2 1
github.com/numaestra/numaestra/internal/delivery/http/admin_handler.go:169.2,169.97 1 1
github.com/numaestra/numaestra/internal/delivery/http/admin_handler.go:169.97,170.48 1 1
github.com/numaestra/numaestra/internal/delivery/http/admin_handler.go:170.48,173.4 2 1
github.com/numaestra/numaestra/internal/delivery/http/admin_handler.go:174.3,176.9 3 1
github.com/numaestra/numaestra/internal/delivery/http/admin_handler.go:178.2,178.37 1 0
github.com/numaestra/numaestra/internal/delivery/http/admin_handler.go:181.75,186.16 4 1
github.com/numaestra/numaestra/internal/delivery/http/admin_handler.go:186.16,190.3 3 1
github.com/numaestra/numaestra/internal/delivery/http/admin_handler.go:192.2,193.27 2 1
github.com/numaestra/numaestra/internal/delivery/http/admin_handler.go:193.27,195.3 1 1
github.com/numaestra/numaestra/internal/delivery/http/admin_handler.go:196.2,199.4 1 1
github.com/numaestra/numaestra/internal/delivery/http/admin_handler.go:202.73,205.16 3 1
github.com/numaestra/numaestra/internal/delivery/http/admin_handler.go:205.16,208.3 2 1
github.com/numaestra/numaestra/internal/delivery/http/admin_handler.go:210.2,211.16 2 1
github.com/numaestra/numaestra/internal/delivery/http/admin_handler.go:211.16,212.46 1 1
github.com/numaestra/numaestra/internal/delivery/http/admin_handler.go:212.46,215.4 2 1
github.com/numaestra/numaestra/internal/delivery/http/admin_handler.go:216.3,218.9 3 1
github.com/numaestra/numaestra/internal/delivery/http/admin_handler.go:220.2,220.60 1 1
github.com/numaestra/numaestra/internal/delivery/http/admin_handler.go:225.76,228.16 3 1
github.com/numaestra/numaestra/internal/delivery/http/admin_handler.go:228.16,231.3 2 1
github.com/numaestra/numaestra/internal/delivery/http/admin_handler.go:233.2,233.58 1 1
github.com/numaestra/numaestra/internal/delivery/http/admin_handler.go:233.58,234.46 1 1
github.com/numaestra/numaestra/internal/delivery/http/admin_handler.go:234.46,237.4 2 1
github.com/numaestra/numaestra/internal/delivery/http/admin_handler.go:238.3,240.9 3 1
github.com/numaestra/numaestra/internal/delivery/http/admin_handler.go:242.2,242.37 1 1
github.com/numaestra/numaestra/internal/delivery/http/admin_middleware.go:13.62,14.46 1 1
github.com/numaestra/numaestra/internal/delivery/http/admin_middleware.go:14.46,15.72 1 1
github.com/numaestra/numaestra/internal/delivery/http/admin_middleware.go:15.72,17.82 2 1
github.com/numaestra/numaestra/internal/delivery/http/admin_middleware.go:17.82,20.5 2 1
github.com/numaestra/numaestra/internal/delivery/http/admin_middleware.go:21.4,21.24 1 1
github.com/numaestra/numaestra/internal/delivery/http/category_handler.go:16.92,21.2 1 1
github.com/numaestra/numaestra/internal/delivery/http/category_handler.go:24.47,34.2 5 1
github.com/numaestra/numaestra/internal/delivery/http/category_handler.go:36.80,38.16 2 1
github.com/numaestra/numaestra/internal/delivery/http/category_handler.go:38.16,42.3 3 1
github.com/numaestra/numaestra/internal/delivery/http/category_handler.go:45.2,46.43 2 1
github.com/numaestra/numaestra/internal/delivery/http/category_handler.go:49.83,52.16 3 1
github.com/numaestra/numaestra/internal/delivery/http/category_handler.go:52.16,56.3 3 1
github.com/numaestra/numaestra/internal/delivery/http/category_handler.go:58.2,58.41 1 1
github.com/numaestra/numaestra/internal/delivery/http/idempotency.go:19.86,20.46 1 1
github.com/numaestra/numaestra/internal/delivery/http/idempotency.go:20.46,21.72 1 1
github.com/numaestra/numaestra/internal/delivery/http/idempotency.go:21.72,23.17 2 1
github.com/numaestra/numaestra/internal/delivery/http/idempotency.go:23.17,26.5 2 1
github.com/numaestra/numaestra/internal/delivery/http/idempotency.go:28.4,31.18 3 1
github.com/numaestra/numaestra/internal/delivery/http/idempotency.go:31.18,32.29 1 1
github.com/numaestra/numaestra/internal/delivery/http/idempotency.go:32.29,39.6 5 1
github.com/numaestra/numaestra/internal/delivery/http/idempotency.go:41.5,42.11 2 1
github.com/numaestra/numaestra/internal/delivery/http/idempotency.go:45.4,45.38 1 1
github.com/numaestra/numaestra/internal/delivery/http/idempotency.go:45.38,49.5 2 1
github.com/numaestra/numaestra/internal/delivery/http/idempotency.go:52.4,52.52 1 1
github.com/numaestra/numaestra/internal/delivery/http/idempotency.go:52.52,53.40 1 0
github.com/numaestra/numaestra/internal/delivery/http/idempotency.go:53.40,56.6 2 0
github.com/numaestra/numaestra/internal/delivery/http/idempotency.go:58.5,59.11 2 0
github.com/numaestra/numaestra/internal/delivery/http/idempotency.go:63.4,67.23 3 1
github.com/numaestra/numaestra/internal/delivery/http/idempotency.go:67.23,69.5 1 0
github.com/numaestra/numaestra/internal/delivery/http/idempotency.go:71.4,71.45 1 1
github.com/numaestra/numaestra/internal/delivery/http/idempotency.go:71.45,76.5 1 1
github.com/numaestra/numaestra/internal/delivery/http/idempotency.go:76.10,78.5 1 1
github.com/numaestra/numaestra/internal/delivery/http/idempotency.go:90.51,93.2 2 1
github.com/numaestra/numaestra/internal/delivery/http/idempotency.go:95.58,98.2 2 1
github.com/numaestra/numaestra/internal/delivery/http/middleware.go:19.57,21.28 2 1
github.com/numaestra/numaestra/internal/delivery/http/middleware.go:21.28,23.14 2 1
github.com/numaestra/numaestra/internal/delivery/http/middleware.go:23.14,24.12 1 0
github.com/numaestra/numaestra/internal/delivery/http/middleware.go:26.3,26.31 1 1
github.com/numaestra/numaestra/internal/delivery/http/middleware.go:26.31,28.18 2 1
github.com/numaestra/numaestra/internal/delivery/http/middleware.go:28.18,30.5 1 1
github.com/numaestra/numaestra/internal/delivery/http/middleware.go:31.4,32.12 2 1
github.com/numaestra/numaestra/internal/delivery/http/middleware.go:34.3,35.16 2 1
github.com/numaestra/numaestra/internal/delivery/http/middleware.go:35.16,37.4 1 1
github.com/numaestra/numaestra/internal/delivery/http/middleware.go:38.3,39.22 2 1
github.com/numaestra/numaestra/internal/delivery/http/middleware.go:39.22,41.4 1 0
github.com/numaestra/numaestra/internal/delivery/http/middleware.go:42.3,42.74 1 1
github.com/numaestra/numaestra/internal/delivery/http/middleware.go:44.2,44.18 1 1
github.com/numaestra/numaestra/internal/delivery/http/middleware.go:52.72,53.46 1 1
github.com/numaestra/numaestra/internal/delivery/http/middleware.go:53.46,54.24 1 1
github.com/numaestra/numaestra/internal/delivery/http/middleware.go:54.24,56.4 1 1
github.com/numaestra/numaestra/internal/delivery/http/middleware.go:57.3,57.72 1 1
github.com/numaestra/numaestra/internal/delivery/http/middleware.go:57.72,59.17 2 1
github.com/numaestra/numaestra/internal/delivery/http/middleware.go:59.17,60.31 1 1
github.com/numaestra/numaestra/internal/delivery/http/middleware.go:60.31,61.24 1 1
github.com/numaestra/numaestra/internal/delivery/http/middleware.go:61.24,64.7 2 1
github.com/numaestra/numaestra/internal/delivery/http/middleware.go:67.4,67.77 1 1
github.com/numaestra/numaestra/internal/delivery/http/middleware.go:82.55,83.23 1 1
github.com/numaestra/numaestra/internal/delivery/http/middleware.go:83.23,85.3 1 1
github.com/numaestra/numaestra/internal/delivery/http/middleware.go:86.2,91.3 1 1
github.com/numaestra/numaestra/internal/delivery/http/middleware.go:95.61,101.40 5 1
github.com/numaestra/numaestra/internal/delivery/http/middleware.go:101.40,102.15 1 1
github.com/numaestra/numaestra/internal/delivery/http/middleware.go:102.15,104.9 2 1
github.com/numaestra/numaestra/internal/delivery/http/middleware.go:108.2,108.46 1 1
github.com/numaestra/numaestra/internal/delivery/http/middleware.go:108.46,109.72 1 1
github.com/numaestra/numaestra/internal/delivery/http/middleware.go:109.72,111.80 2 1
github.com/numaestra/numaestra/internal/delivery/http/middleware.go:111.80,112.17 1 1
github.com/numaestra/numaestra/internal/delivery/http/middleware.go:112.17,114.6 1 1
github.com/numaestra/numaestra/internal/delivery/http/middleware.go:114.11,118.6 2 1
github.com/numaestra/numaestra/internal/delivery/http/middleware.go:119.5,121.19 3 1
github.com/numaestra/numaestra/internal/delivery/http/middleware.go:121.19,123.6 1 1
github.com/numaestra/numaestra/internal/delivery/http/middleware.go:127.4,127.38 1 1
github.com/numaestra/numaestra/internal/delivery/http/middleware.go:127.38,130.5 2 1
github.com/numaestra/numaestra/internal/delivery/http/middleware.go:132.4,132.24 1 1
github.com/numaestra/numaestra/internal/delivery/http/middleware.go:137.58,138.28 1 1
github.com/numaestra/numaestra/internal/delivery/http/middleware.go:138.28,139.35 1 1
github.com/numaestra/numaestra/internal/delivery/http/middleware.go:139.35,141.4 1 1
github.com/numaestra/numaestra/internal/delivery/http/middleware.go:143.2,143.14 1 1
github.com/numaestra/numaestra/internal/delivery/http/middleware.go:146.25,147.12 1 1
github.com/numaestra/numaestra/internal/delivery/http/middleware.go:147.12,149.3 1 1
github.com/numaestra/numaestra/internal/delivery/http/middleware.go:150.2,151.9 2 1
github.com/numaestra/numaestra/internal/delivery/http/middleware.go:151.9,153.3 1 1
github.com/numaestra/numaestra/internal/delivery/http/middleware.go:154.2,156.12 3 1
github.com/numaestra/numaestra/internal/delivery/http/middleware.go:156.12,160.3 3 1
github.com/numaestra/numaestra/internal/delivery/http/middleware.go:161.2,161.9 1 1
github.com/numaestra/numaestra/internal/delivery/http/middleware.go:161.9,164.3 2 1
github.com/numaestra/numaestra/internal/delivery/http/middleware.go:165.2,165.24 1 1
github.com/numaestra/numaestra/internal/delivery/http/middleware.go:173.60,174.46 1 1
github.com/numaestra/numaestra/internal/delivery/http/middleware.go:174.46,175.72 1 1
github.com/numaestra/numaestra/internal/delivery/http/middleware.go:175.72,176.30 1 1
github.com/numaestra/numaestra/internal/delivery/http/middleware.go:176.30,178.5 1 1
github.com/numaestra/numaestra/internal/delivery/http/middleware.go:179.4,179.24 1 1
github.com/numaestra/numaestra/internal/delivery/http/middleware.go:203.74,212.46 2 1
github.com/numaestra/numaestra/internal/delivery/http/middleware.go:212.46,213.72 1 1
github.com/numaestra/numaestra/internal/delivery/http/middleware.go:213.72,214.30 1 1
github.com/numaestra/numaestra/internal/delivery/http/middleware.go:214.30,218.5 3 1
github.com/numaestra/numaestra/internal/delivery/http/middleware.go:219.4,219.24 1 1
github.com/numaestra/numaestra/internal/delivery/http/middleware.go:224.48,229.35 4 1
github.com/numaestra/numaestra/internal/delivery/http/middleware.go:229.35,230.32 1 0
github.com/numaestra/numaestra/internal/delivery/http/middleware.go:230.32,231.36 1 0
github.com/numaestra/numaestra/internal/delivery/http/middleware.go:231.36,233.5 1 0
github.com/numaestra/numaestra/internal/delivery/http/middleware.go:235.3,235.20 1 0
github.com/numaestra/numaestra/internal/delivery/http/middleware.go:238.2,239.9 2 1
github.com/numaestra/numaestra/internal/delivery/http/middleware.go:239.9,242.3 2 1
github.com/numaestra/numaestra/internal/delivery/http/middleware.go:243.2,244.27 2 1
github.com/numaestra/numaestra/internal/delivery/http/middleware.go:249.39,250.65 1 1
github.com/numaestra/numaestra/internal/delivery/http/middleware.go:250.65,252.3 1 1
github.com/numaestra/numaestra/internal/delivery/http/middleware.go:253.2,253.21 1 1
github.com/numaestra/numaestra/internal/delivery/http/middleware.go:260.113,272.46 3 0
github.com/numaestra/numaestra/internal/delivery/http/middleware.go:272.46,273.72 1 0
github.com/numaestra/numaestra/internal/delivery/http/middleware.go:273.72,278.18 5 0
github.com/numaestra/numaestra/internal/delivery/http/middleware.go:278.18,282.5 2 0
github.com/numaestra/numaestra/internal/delivery/http/middleware.go:283.4,283.21 1 0
github.com/numaestra/numaestra/internal/delivery/http/middleware.go:283.21,287.5 3 0
github.com/numaestra/numaestra/internal/delivery/http/middleware.go:288.4,288.24 1 0
github.com/numaestra/numaestra/internal/delivery/http/order_handler.go:39.135,46.2 1 1
github.com/numaestra/numaestra/internal/delivery/http/order_handler.go:50.80,53.2 2 1
github.com/numaestra/numaestra/internal/delivery/http/order_handler.go:57.67,60.2 2 0
github.com/numaestra/numaestra/internal/delivery/http/order_handler.go:67.44,71.18 3 1
github.com/numaestra/numaestra/internal/delivery/http/order_handler.go:71.18,74.3 2 0
github.com/numaestra/numaestra/internal/delivery/http/order_handler.go:74.8,77.3 2 1
github.com/numaestra/numaestra/internal/delivery/http/order_handler.go:79.2,79.29 1 1
github.com/numaestra/numaestra/internal/delivery/http/order_handler.go:79.29,81.27 2 1
github.com/numaestra/numaestra/internal/delivery/http/order_handler.go:81.27,83.4 1 1
github.com/numaestra/numaestra/internal/delivery/http/order_handler.go:84.3,84.29 1 1
github.com/numaestra/numaestra/internal/delivery/http/order_handler.go:87.2,87.29 1 1
github.com/numaestra/numaestra/internal/delivery/http/order_handler.go:87.29,91.3 3 1
github.com/numaestra/numaestra/internal/delivery/http/order_handler.go:93.2,93.29 1 1
github.com/numaestra/numaestra/internal/delivery/http/order_handler.go:93.29,98.3 4 1
github.com/numaestra/numaestra/internal/delivery/http/order_handler.go:100.2,100.10 1 1
github.com/numaestra/numaestra/internal/delivery/http/order_handler.go:104.75,105.71 1 1
github.com/numaestra/numaestra/internal/delivery/http/order_handler.go:105.71,107.18 2 1
github.com/numaestra/numaestra/internal/delivery/http/order_handler.go:107.18,110.4 2 1
github.com/numaestra/numaestra/internal/delivery/http/order_handler.go:112.3,113.17 2 1
github.com/numaestra/numaestra/internal/delivery/http/order_handler.go:113.17,116.4 2 0
github.com/numaestra/numaestra/internal/delivery/http/order_handler.go:118.3,119.40 2 1
github.com/numaestra/numaestra/internal/delivery/http/order_handler.go:146.76,148.61 2 1
github.com/numaestra/numaestra/internal/delivery/http/order_handler.go:148.61,151.3 2 1
github.com/numaestra/numaestra/internal/delivery/http/order_handler.go:153.2,153.40 1 1
github.com/numaestra/numaestra/internal/delivery/http/order_handler.go:153.40,156.3 2 1
github.com/numaestra/numaestra/internal/delivery/http/order_handler.go:157.2,157.21 1 1
github.com/numaestra/numaestra/internal/delivery/http/order_handler.go:157.21,160.3 2 1
github.com/numaestra/numaestra/internal/delivery/http/order_handler.go:161.2,161.63 1 1
github.com/numaestra/numaestra/internal/delivery/http/order_handler.go:161.63,164.3 2 1
github.com/numaestra/numaestra/internal/delivery/http/order_handler.go:166.2,167.16 2 1
github.com/numaestra/numaestra/internal/delivery/http/order_handler.go:167.16,168.45 1 1
github.com/numaestra/numaestra/internal/delivery/http/order_handler.go:168.45,171.4 2 1
github.com/numaestra/numaestra/internal/delivery/http/order_handler.go:172.3,172.45 1 0
github.com/numaestra/numaestra/internal/delivery/http/order_handler.go:172.45,175.4 2 0
github.com/numaestra/numaestra/internal/delivery/http/order_handler.go:176.3,178.9 3 0
github.com/numaestra/numaestra/internal/delivery/http/order_handler.go:181.2,193.4 4 1
github.com/numaestra/numaestra/internal/delivery/http/order_handler.go:196.87,197.38 1 1
github.com/numaestra/numaestra/internal/delivery/http/order_handler.go:197.38,200.3 2 0
github.com/numaestra/numaestra/internal/delivery/http/order_handler.go:202.2,206.55 4 1
github.com/numaestra/numaestra/internal/delivery/http/order_handler.go:206.55,209.3 2 1
github.com/numaestra/numaestra/internal/delivery/http/order_handler.go:211.2,211.54 1 1
github.com/numaestra/numaestra/internal/delivery/http/order_handler.go:211.54,215.3 3 1
github.com/numaestra/numaestra/internal/delivery/http/order_handler.go:219.2,219.18 1 1
github.com/numaestra/numaestra/internal/delivery/http/order_handler.go:219.18,222.17 3 0
github.com/numaestra/numaestra/internal/delivery/http/order_handler.go:222.17,226.4 3 0
github.com/numaestra/numaestra/internal/delivery/http/order_handler.go:229.2,230.16 2 1
github.com/numaestra/numaestra/internal/delivery/http/order_handler.go:230.16,233.3 2 0
github.com/numaestra/numaestra/internal/delivery/http/order_handler.go:235.2,236.16 2 1
github.com/numaestra/numaestra/internal/delivery/http/order_handler.go:236.16,240.3 3 0
github.com/numaestra/numaestra/internal/delivery/http/order_handler.go:242.2,242.87 1 1
github.com/numaestra/numaestra/internal/delivery/http/order_handler.go:242.87,243.55 1 1
github.com/numaestra/numaestra/internal/delivery/http/order_handler.go:243.55,247.4 3 1
github.com/numaestra/numaestra/internal/delivery/http/order_handler.go:248.3,248.54 1 1
github.com/numaestra/numaestra/internal/delivery/http/order_handler.go:248.54,252.4 3 0
github.com/numaestra/numaestra/internal/delivery/http/order_handler.go:253.3,255.9 3 1
github.com/numaestra/numaestra/internal/delivery/http/order_handler.go:259.2,259.18 1 1
github.com/numaestra/numaestra/internal/delivery/http/order_handler.go:259.18,262.3 2 0
github.com/numaestra/numaestra/internal/delivery/http/order_handler.go:265.2,266.34 2 1
github.com/numaestra/numaestra/internal/delivery/http/order_handler.go:283.73,288.16 4 1
github.com/numaestra/numaestra/internal/delivery/http/order_handler.go:288.16,291.3 2 1
github.com/numaestra/numaestra/internal/delivery/http/order_handler.go:292.2,292.27 1 1
github.com/numaestra/numaestra/internal/delivery/http/order_handler.go:292.27,295.3 2 1
github.com/numaestra/numaestra/internal/delivery/http/order_handler.go:297.2,298.35 2 1
github.com/numaestra/numaestra/internal/delivery/http/order_handler.go:298.35,304.3 1 0
github.com/numaestra/numaestra/internal/delivery/http/order_handler.go:306.2,312.4 1 1
github.com/numaestra/numaestra/internal/delivery/http/order_handler.go:326.75,335.33 4 1
github.com/numaestra/numaestra/internal/delivery/http/order_handler.go:335.33,337.3 1 1
github.com/numaestra/numaestra/internal/delivery/http/order_handler.go:337.8,339.3 1 1
github.com/numaestra/numaestra/internal/delivery/http/order_handler.go:340.2,340.16 1 1
github.com/numaestra/numaestra/internal/delivery/http/order_handler.go:340.16,344.3 3 0
github.com/numaestra/numaestra/internal/delivery/http/order_handler.go:346.2,347.27 2 1
github.com/numaestra/numaestra/internal/delivery/http/order_handler.go:347.27,356.3 1 1
github.com/numaestra/numaestra/internal/delivery/http/order_handler.go:358.2,358.36 1 1
github.com/numaestra/numaestra/internal/delivery/http/order_handler.go:363.59,365.77 2 1
github.com/numaestra/numaestra/internal/delivery/http/order_handler.go:365.77,366.14 1 1
github.com/numaestra/numaestra/internal/delivery/http/order_handler.go:366.14,368.4 1 1
github.com/numaestra/numaestra/internal/delivery/http/order_handler.go:369.3,369.12 1 1
github.com/numaestra/numaestra/internal/delivery/http/order_handler.go:371.2,371.79 1 1
github.com/numaestra/numaestra/internal/delivery/http/order_handler.go:371.79,373.3 1 1
github.com/numaestra/numaestra/internal/delivery/http/order_handler.go:374.2,374.8 1 1
github.com/numaestra/numaestra/internal/delivery/http/respond.go:12.81,16.63 4 1
github.com/numaestra/numaestra/internal/delivery/http/respond.go:16.63,18.3 1 1
github.com/numaestra/numaestra/internal/delivery/http/respond.go:19.2,19.33 1 1
github.com/numaestra/numaestra/internal/delivery/http/respond.go:23.61,27.2 3 1
github.com/numaestra/numaestra/pkg/s3/s3_client.go:37.73,46.2 1 1
github.com/numaestra/numaestra/pkg/s3/s3_client.go:58.105,61.16 2 1
github.com/numaestra/numaestra/pkg/s3/s3_client.go:61.16,63.3 1 1
github.com/numaestra/numaestra/pkg/s3/s3_client.go:64.2,67.74 2 1
github.com/numaestra/numaestra/pkg/s3/s3_client.go:67.74,69.3 1 1
github.com/numaestra/numaestra/pkg/s3/s3_client.go:72.2,73.23 2 1
github.com/numaestra/numaestra/pkg/s3/s3_client.go:78.93,80.16 2 1
github.com/numaestra/numaestra/pkg/s3/s3_client.go:80.16,82.3 1 0
github.com/numaestra/numaestra/pkg/s3/s3_client.go:83.2,84.16 2 1
github.com/numaestra/numaestra/pkg/s3/s3_client.go:84.16,86.3 1 0
github.com/numaestra/numaestra/pkg/s3/s3_client.go:87.2,87.38 1 1
github.com/numaestra/numaestra/pkg/s3/s3_client.go:87.38,90.3 2 1
github.com/numaestra/numaestra/pkg/s3/s3_client.go:91.2,91.43 1 1
github.com/numaestra/numaestra/pkg/s3/s3_client.go:101.111,109.23 6 1
github.com/numaestra/numaestra/pkg/s3/s3_client.go:109.23,111.17 2 0
github.com/numaestra/numaestra/pkg/s3/s3_client.go:111.17,113.4 1 0
github.com/numaestra/numaestra/pkg/s3/s3_client.go:114.3,115.35 2 0
github.com/numaestra/numaestra/pkg/s3/s3_client.go:118.2,119.16 2 1
github.com/numaestra/numaestra/pkg/s3/s3_client.go:119.16,121.3 1 0
github.com/numaestra/numaestra/pkg/s3/s3_client.go:123.2,133.16 8 1
github.com/numaestra/numaestra/pkg/s3/s3_client.go:133.16,135.3 1 0
github.com/numaestra/numaestra/pkg/s3/s3_client.go:136.2,138.79 2 1
github.com/numaestra/numaestra/pkg/s3/s3_client.go:138.79,141.3 2 1
github.com/numaestra/numaestra/pkg/s3/s3_client.go:142.2,142.12 1 1
github.com/numaestra/numaestra/pkg/s3/s3_client.go:147.91,151.24 3 1
github.com/numaestra/numaestra/pkg/s3/s3_client.go:151.24,153.3 1 0
github.com/numaestra/numaestra/pkg/s3/s3_client.go:155.2,190.3 8 1
github.com/numaestra/numaestra/pkg/s3/s3_client.go:193.76,198.2 4 1
github.com/numaestra/numaestra/pkg/s3/s3_client.go:200.42,204.2 3 1
github.com/numaestra/numaestra/pkg/s3/s3_client.go:206.36,209.2 2 1
github.com/numaestra/numaestra/internal/worker/processor.go:36.84,41.2 1 1
github.com/numaestra/numaestra/internal/worker/processor.go:45.97,47.44 2 1
github.com/numaestra/numaestra/internal/worker/processor.go:47.44,49.3 1 0
github.com/numaestra/numaestra/internal/worker/processor.go:50.2,50.10 1 1
github.com/numaestra/numaestra/internal/worker/processor.go:54.87,56.62 2 1
github.com/numaestra/numaestra/internal/worker/processor.go:56.62,58.3 1 1
github.com/numaestra/numaestra/internal/worker/processor.go:60.2,66.73 5 1
github.com/numaestra/numaestra/internal/worker/processor.go:66.73,69.3 2 1
github.com/numaestra/numaestra/internal/worker/processor.go:71.2,71.12 1 1
github.com/numaestra/numaestra/internal/worker/processor.go:77.92,79.9 2 1
github.com/numaestra/numaestra/internal/worker/processor.go:79.9,83.3 2 1
github.com/numaestra/numaestra/internal/worker/processor.go:85.2,89.66 4 1
github.com/numaestra/numaestra/internal/worker/processor.go:89.66,91.3 1 0
github.com/numaestra/numaestra/internal/worker/processor.go:95.55,96.18 1 1
github.com/numaestra/numaestra/internal/worker/processor.go:97.35,99.58 2 1
github.com/numaestra/numaestra/internal/worker/processor.go:99.58,101.4 1 1
github.com/numaestra/numaestra/internal/worker/processor.go:102.3,102.44 1 0
github.com/numaestra/numaestra/internal/worker/processor.go:103.33,105.58 2 1
github.com/numaestra/numaestra/internal/worker/processor.go:105.58,107.4 1 1
github.com/numaestra/numaestra/internal/worker/processor.go:108.3,108.44 1 1
github.com/numaestra/numaestra/internal/worker/processor.go:109.10,110.25 1 1
github.com/numaestra/numaestra/internal/worker/processor.go:115.90,117.62 2 1
github.com/numaestra/numaestra/internal/worker/processor.go:117.62,119.3 1 1
github.com/numaestra/numaestra/internal/worker/processor.go:121.2,128.16 6 1
github.com/numaestra/numaestra/internal/worker/processor.go:128.16,129.52 1 1
github.com/numaestra/numaestra/internal/worker/processor.go:129.52,132.4 2 1
github.com/numaestra/numaestra/internal/worker/processor.go:133.3,134.13 2 1
github.com/numaestra/numaestra/internal/worker/processor.go:137.2,137.12 1 0
github.com/numaestra/numaestra/pkg/metrics/metrics.go:73.29,75.2 1 1
github.com/numaestra/numaestra/internal/repository/queue/asynq_publisher.go:39.62,41.2 1 1
github.com/numaestra/numaestra/internal/repository/queue/asynq_publisher.go:46.94,48.16 2 1
github.com/numaestra/numaestra/internal/repository/queue/asynq_publisher.go:48.16,50.3 1 0
github.com/numaestra/numaestra/internal/repository/queue/asynq_publisher.go:52.2,62.71 3 1
github.com/numaestra/numaestra/internal/repository/queue/asynq_publisher.go:62.71,63.46 1 1
github.com/numaestra/numaestra/internal/repository/queue/asynq_publisher.go:63.46,65.4 1 1
github.com/numaestra/numaestra/internal/repository/queue/asynq_publisher.go:66.3,66.103 1 1
github.com/numaestra/numaestra/internal/repository/queue/asynq_publisher.go:68.2,68.12 1 1
github.com/numaestra/numaestra/internal/repository/queue/asynq_publisher.go:71.113,74.16 2 1
github.com/numaestra/numaestra/internal/repository/queue/asynq_publisher.go:74.16,76.3 1 0
github.com/numaestra/numaestra/internal/repository/queue/asynq_publisher.go:77.2,81.106 2 1
github.com/numaestra/numaestra/internal/repository/queue/asynq_publisher.go:81.106,83.3 1 1
github.com/numaestra/numaestra/internal/repository/queue/asynq_publisher.go:84.2,84.12 1 1
