mode: atomic
github.com/numaestra/numaestra/cmd/server/main.go:59.13,63.37 3 0
github.com/numaestra/numaestra/cmd/server/main.go:63.37,66.3 2 0
github.com/numaestra/numaestra/cmd/server/main.go:69.37,72.16 2 0
github.com/numaestra/numaestra/cmd/server/main.go:72.16,74.3 1 0
github.com/numaestra/numaestra/cmd/server/main.go:76.2,84.16 5 0
github.com/numaestra/numaestra/cmd/server/main.go:84.16,86.3 1 0
github.com/numaestra/numaestra/cmd/server/main.go:89.2,90.16 2 0
github.com/numaestra/numaestra/cmd/server/main.go:90.16,92.3 1 0
github.com/numaestra/numaestra/cmd/server/main.go:93.2,95.41 2 0
github.com/numaestra/numaestra/cmd/server/main.go:95.41,97.3 1 0
github.com/numaestra/numaestra/cmd/server/main.go:98.2,100.69 2 0
github.com/numaestra/numaestra/cmd/server/main.go:100.69,102.3 1 0
github.com/numaestra/numaestra/cmd/server/main.go:103.2,111.15 4 0
github.com/numaestra/numaestra/cmd/server/main.go:111.15,112.47 1 0
github.com/numaestra/numaestra/cmd/server/main.go:112.47,114.4 1 0
github.com/numaestra/numaestra/cmd/server/main.go:118.2,137.31 12 0
github.com/numaestra/numaestra/cmd/server/main.go:137.31,147.3 2 0
github.com/numaestra/numaestra/cmd/server/main.go:147.8,150.3 2 0
github.com/numaestra/numaestra/cmd/server/main.go:153.2,160.43 4 0
github.com/numaestra/numaestra/cmd/server/main.go:160.43,171.71 2 0
github.com/numaestra/numaestra/cmd/server/main.go:171.71,172.53 1 0
github.com/numaestra/numaestra/cmd/server/main.go:172.53,174.7 1 0
github.com/numaestra/numaestra/cmd/server/main.go:175.6,175.49 1 0
github.com/numaestra/numaestra/cmd/server/main.go:177.94,180.28 3 0
github.com/numaestra/numaestra/cmd/server/main.go:180.28,182.7 1 0
github.com/numaestra/numaestra/cmd/server/main.go:183.6,183.43 1 0
github.com/numaestra/numaestra/cmd/server/main.go:188.3,192.13 4 0
github.com/numaestra/numaestra/cmd/server/main.go:192.13,194.47 2 0
github.com/numaestra/numaestra/cmd/server/main.go:194.47,196.5 1 0
github.com/numaestra/numaestra/cmd/server/main.go:198.3,198.27 1 0
github.com/numaestra/numaestra/cmd/server/main.go:202.2,202.24 1 0
github.com/numaestra/numaestra/cmd/server/main.go:202.24,207.3 4 0
github.com/numaestra/numaestra/cmd/server/main.go:210.2,212.16 3 0
github.com/numaestra/numaestra/cmd/server/main.go:212.16,214.3 1 0
github.com/numaestra/numaestra/cmd/server/main.go:216.2,222.26 3 0
github.com/numaestra/numaestra/cmd/server/main.go:222.26,224.3 1 0
github.com/numaestra/numaestra/cmd/server/main.go:226.2,231.16 5 0
github.com/numaestra/numaestra/cmd/server/main.go:231.16,233.3 1 0
github.com/numaestra/numaestra/cmd/server/main.go:235.2,249.12 5 0
github.com/numaestra/numaestra/cmd/server/main.go:249.12,251.94 2 0
github.com/numaestra/numaestra/cmd/server/main.go:251.94,254.4 2 0
github.com/numaestra/numaestra/cmd/server/main.go:255.3,255.20 1 0
github.com/numaestra/numaestra/cmd/server/main.go:258.2,258.9 1 0
github.com/numaestra/numaestra/cmd/server/main.go:259.27,260.17 1 0
github.com/numaestra/numaestra/cmd/server/main.go:260.17,262.4 1 0
github.com/numaestra/numaestra/cmd/server/main.go:263.20,264.99 1 0
github.com/numaestra/numaestra/cmd/server/main.go:267.2,269.57 3 0
github.com/numaestra/numaestra/cmd/server/main.go:269.57,271.3 1 0
github.com/numaestra/numaestra/cmd/server/main.go:273.2,274.12 2 0
github.com/numaestra/numaestra/cmd/server/main.go:285.16,297.29 9 0
github.com/numaestra/numaestra/cmd/server/main.go:297.29,300.3 2 0
github.com/numaestra/numaestra/cmd/server/main.go:302.2,305.29 3 0
github.com/numaestra/numaestra/cmd/server/main.go:305.29,308.3 2 0
github.com/numaestra/numaestra/cmd/server/main.go:310.2,310.10 1 0
github.com/numaestra/numaestra/cmd/server/main.go:316.90,318.18 2 0
github.com/numaestra/numaestra/cmd/server/main.go:318.18,319.19 1 0
github.com/numaestra/numaestra/cmd/server/main.go:319.19,321.4 1 0
github.com/numaestra/numaestra/cmd/server/main.go:322.3,325.27 3 0
github.com/numaestra/numaestra/cmd/server/main.go:325.27,327.4 1 0
github.com/numaestra/numaestra/cmd/server/main.go:328.8,331.17 3 0
github.com/numaestra/numaestra/cmd/server/main.go:331.17,333.4 1 0
github.com/numaestra/numaestra/cmd/server/main.go:334.3,334.26 1 0
github.com/numaestra/numaestra/cmd/server/main.go:334.26,336.4 1 0
github.com/numaestra/numaestra/cmd/server/main.go:338.2,338.33 1 0
github.com/numaestra/numaestra/cmd/server/main.go:341.80,342.46 1 0
github.com/numaestra/numaestra/cmd/server/main.go:342.46,343.72 1 0
github.com/numaestra/numaestra/cmd/server/main.go:343.72,362.4 7 0
github.com/numaestra/numaestra/internal/config/config.go:106.30,169.28 2 12
github.com/numaestra/numaestra/internal/config/config.go:169.28,171.3 1 0
github.com/numaestra/numaestra/internal/config/config.go:173.2,173.46 1 12
github.com/numaestra/numaestra/internal/config/config.go:173.46,175.3 1 0
github.com/numaestra/numaestra/internal/config/config.go:177.2,177.17 1 12
github.com/numaestra/numaestra/internal/config/config.go:182.42,183.47 1 312
github.com/numaestra/numaestra/internal/config/config.go:183.47,185.3 1 4
github.com/numaestra/numaestra/internal/config/config.go:186.2,186.17 1 308
github.com/numaestra/numaestra/internal/config/config.go:189.71,191.20 2 12
github.com/numaestra/numaestra/internal/config/config.go:191.20,193.3 1 10
github.com/numaestra/numaestra/internal/config/config.go:194.2,195.16 2 2
github.com/numaestra/numaestra/internal/config/config.go:195.16,197.3 1 1
github.com/numaestra/numaestra/internal/config/config.go:198.2,198.10 1 1
github.com/numaestra/numaestra/internal/config/config.go:201.52,203.20 2 48
github.com/numaestra/numaestra/internal/config/config.go:203.20,205.3 1 47
github.com/numaestra/numaestra/internal/config/config.go:206.2,207.16 2 1
github.com/numaestra/numaestra/internal/config/config.go:207.16,209.3 1 0
github.com/numaestra/numaestra/internal/config/config.go:210.2,210.10 1 1
github.com/numaestra/numaestra/internal/config/config.go:216.54,218.39 2 12
github.com/numaestra/numaestra/internal/config/config.go:218.39,220.3 1 12
github.com/numaestra/numaestra/internal/config/config.go:221.2,223.26 3 12
github.com/numaestra/numaestra/internal/config/config.go:223.26,224.53 1 24
github.com/numaestra/numaestra/internal/config/config.go:224.53,226.4 1 24
github.com/numaestra/numaestra/internal/config/config.go:228.2,228.12 1 12
github.com/numaestra/numaestra/internal/config/config.go:231.37,233.39 2 24
github.com/numaestra/numaestra/internal/config/config.go:233.39,235.3 1 24
github.com/numaestra/numaestra/internal/config/config.go:236.2,238.26 3 0
github.com/numaestra/numaestra/internal/config/config.go:238.26,239.53 1 0
github.com/numaestra/numaestra/internal/config/config.go:239.53,241.4 1 0
github.com/numaestra/numaestra/internal/config/config.go:243.2,243.12 1 0
github.com/numaestra/numaestra/internal/config/config.go:246.49,248.20 2 12
github.com/numaestra/numaestra/internal/config/config.go:248.20,250.3 1 3
github.com/numaestra/numaestra/internal/config/config.go:251.2,252.61 2 9
github.com/numaestra/numaestra/internal/repository/postgres/account_repository.go:21.92,23.2 1 0
github.com/numaestra/numaestra/internal/repository/postgres/account_repository.go:25.74,26.17 1 0
github.com/numaestra/numaestra/internal/repository/postgres/account_repository.go:26.17,28.3 1 0
github.com/numaestra/numaestra/internal/repository/postgres/account_repository.go:29.2,30.16 2 0
github.com/numaestra/numaestra/internal/repository/postgres/account_repository.go:30.16,32.3 1 0
github.com/numaestra/numaestra/internal/repository/postgres/account_repository.go:33.2,33.17 1 0
github.com/numaestra/numaestra/internal/repository/postgres/account_repository.go:36.75,37.18 1 0
github.com/numaestra/numaestra/internal/repository/postgres/account_repository.go:37.18,39.3 1 0
github.com/numaestra/numaestra/internal/repository/postgres/account_repository.go:40.2,41.16 2 0
github.com/numaestra/numaestra/internal/repository/postgres/account_repository.go:41.16,43.3 1 0
github.com/numaestra/numaestra/internal/repository/postgres/account_repository.go:44.2,44.19 1 0
github.com/numaestra/numaestra/internal/repository/postgres/account_repository.go:48.107,50.16 2 0
github.com/numaestra/numaestra/internal/repository/postgres/account_repository.go:50.16,52.3 1 0
github.com/numaestra/numaestra/internal/repository/postgres/account_repository.go:53.2,54.46 2 0
github.com/numaestra/numaestra/internal/repository/postgres/account_repository.go:60.62,61.38 1 0
github.com/numaestra/numaestra/internal/repository/postgres/account_repository.go:61.38,63.3 1 0
github.com/numaestra/numaestra/internal/repository/postgres/account_repository.go:64.2,64.15 1 0
github.com/numaestra/numaestra/internal/repository/postgres/account_repository.go:67.101,69.16 2 0
github.com/numaestra/numaestra/internal/repository/postgres/account_repository.go:69.16,71.3 1 0
github.com/numaestra/numaestra/internal/repository/postgres/account_repository.go:72.2,99.35 5 0
github.com/numaestra/numaestra/internal/repository/postgres/account_repository.go:99.35,101.3 1 0
github.com/numaestra/numaestra/internal/repository/postgres/account_repository.go:102.2,102.16 1 0
github.com/numaestra/numaestra/internal/repository/postgres/account_repository.go:102.16,104.3 1 0
github.com/numaestra/numaestra/internal/repository/postgres/account_repository.go:106.2,107.16 2 0
github.com/numaestra/numaestra/internal/repository/postgres/account_repository.go:107.16,109.3 1 0
github.com/numaestra/numaestra/internal/repository/postgres/account_repository.go:111.2,111.62 1 0
github.com/numaestra/numaestra/internal/repository/postgres/account_repository.go:111.62,113.3 1 0
github.com/numaestra/numaestra/internal/repository/postgres/account_repository.go:115.2,118.16 4 0
github.com/numaestra/numaestra/internal/repository/postgres/account_repository.go:118.16,120.3 1 0
github.com/numaestra/numaestra/internal/repository/postgres/account_repository.go:122.2,122.39 1 0
github.com/numaestra/numaestra/internal/repository/postgres/account_repository.go:122.39,124.3 1 0
github.com/numaestra/numaestra/internal/repository/postgres/account_repository.go:126.2,126.21 1 0
github.com/numaestra/numaestra/internal/repository/postgres/account_repository.go:129.101,137.35 4 0
github.com/numaestra/numaestra/internal/repository/postgres/account_repository.go:137.35,139.3 1 0
github.com/numaestra/numaestra/internal/repository/postgres/account_repository.go:140.2,140.16 1 0
github.com/numaestra/numaestra/internal/repository/postgres/account_repository.go:140.16,142.3 1 0
github.com/numaestra/numaestra/internal/repository/postgres/account_repository.go:143.2,144.16 2 0
github.com/numaestra/numaestra/internal/repository/postgres/account_repository.go:144.16,146.3 1 0
github.com/numaestra/numaestra/internal/repository/postgres/account_repository.go:147.2,147.21 1 0
github.com/numaestra/numaestra/internal/repository/postgres/account_repository.go:150.92,153.16 3 0
github.com/numaestra/numaestra/internal/repository/postgres/account_repository.go:153.16,155.3 1 0
github.com/numaestra/numaestra/internal/repository/postgres/account_repository.go:156.2,165.16 3 0
github.com/numaestra/numaestra/internal/repository/postgres/account_repository.go:165.16,167.3 1 0
github.com/numaestra/numaestra/internal/repository/postgres/account_repository.go:168.2,168.12 1 0
github.com/numaestra/numaestra/internal/repository/postgres/account_repository.go:171.92,179.16 4 0
github.com/numaestra/numaestra/internal/repository/postgres/account_repository.go:179.16,181.3 1 0
github.com/numaestra/numaestra/internal/repository/postgres/account_repository.go:182.2,182.29 1 0
github.com/numaestra/numaestra/internal/repository/postgres/account_repository.go:182.29,184.3 1 0
github.com/numaestra/numaestra/internal/repository/postgres/account_repository.go:185.2,185.12 1 0
github.com/numaestra/numaestra/internal/repository/postgres/account_repository.go:188.123,191.16 3 0
github.com/numaestra/numaestra/internal/repository/postgres/account_repository.go:191.16,193.3 1 0
github.com/numaestra/numaestra/internal/repository/postgres/account_repository.go:194.2,197.18 3 0
github.com/numaestra/numaestra/internal/repository/postgres/account_repository.go:197.18,204.17 3 0
github.com/numaestra/numaestra/internal/repository/postgres/account_repository.go:204.17,206.4 1 0
github.com/numaestra/numaestra/internal/repository/postgres/account_repository.go:207.3,208.17 2 0
github.com/numaestra/numaestra/internal/repository/postgres/account_repository.go:208.17,210.4 1 0
github.com/numaestra/numaestra/internal/repository/postgres/account_repository.go:211.3,211.35 1 0
github.com/numaestra/numaestra/internal/repository/postgres/account_repository.go:213.2,213.22 1 0
github.com/numaestra/numaestra/internal/repository/postgres/account_repository.go:217.86,220.16 3 0
github.com/numaestra/numaestra/internal/repository/postgres/account_repository.go:220.16,222.3 1 0
github.com/numaestra/numaestra/internal/repository/postgres/account_repository.go:223.2,226.18 3 0
github.com/numaestra/numaestra/internal/repository/postgres/account_repository.go:226.18,232.17 2 0
github.com/numaestra/numaestra/internal/repository/postgres/account_repository.go:232.17,234.4 1 0
github.com/numaestra/numaestra/internal/repository/postgres/account_repository.go:235.3,236.17 2 0
github.com/numaestra/numaestra/internal/repository/postgres/account_repository.go:236.17,238.4 1 0
github.com/numaestra/numaestra/internal/repository/postgres/account_repository.go:239.3,239.35 1 0
github.com/numaestra/numaestra/internal/repository/postgres/account_repository.go:241.2,241.22 1 0
github.com/numaestra/numaestra/internal/repository/postgres/account_repository.go:245.109,249.16 4 0
github.com/numaestra/numaestra/internal/repository/postgres/account_repository.go:249.16,251.3 1 0
github.com/numaestra/numaestra/internal/repository/postgres/account_repository.go:252.2,252.29 1 0
github.com/numaestra/numaestra/internal/repository/postgres/account_repository.go:252.29,254.3 1 0
github.com/numaestra/numaestra/internal/repository/postgres/account_repository.go:255.2,255.12 1 0
github.com/numaestra/numaestra/internal/repository/postgres/category_repository.go:18.66,20.2 1 0
github.com/numaestra/numaestra/internal/repository/postgres/category_repository.go:23.86,27.16 3 0
github.com/numaestra/numaestra/internal/repository/postgres/category_repository.go:27.16,29.3 1 0
github.com/numaestra/numaestra/internal/repository/postgres/category_repository.go:30.2,33.18 3 0
github.com/numaestra/numaestra/internal/repository/postgres/category_repository.go:33.18,35.113 2 0
github.com/numaestra/numaestra/internal/repository/postgres/category_repository.go:35.113,37.4 1 0
github.com/numaestra/numaestra/internal/repository/postgres/category_repository.go:38.3,38.64 1 0
github.com/numaestra/numaestra/internal/repository/postgres/category_repository.go:40.2,40.35 1 0
github.com/numaestra/numaestra/internal/repository/postgres/category_repository.go:40.35,42.3 1 0
github.com/numaestra/numaestra/internal/repository/postgres/category_repository.go:43.2,43.24 1 0
github.com/numaestra/numaestra/internal/repository/postgres/category_repository.go:48.96,101.35 5 0
github.com/numaestra/numaestra/internal/repository/postgres/category_repository.go:101.35,103.3 1 0
github.com/numaestra/numaestra/internal/repository/postgres/category_repository.go:104.2,104.16 1 0
github.com/numaestra/numaestra/internal/repository/postgres/category_repository.go:104.16,106.3 1 0
github.com/numaestra/numaestra/internal/repository/postgres/category_repository.go:108.2,108.71 1 0
github.com/numaestra/numaestra/internal/repository/postgres/category_repository.go:108.71,110.3 1 0
github.com/numaestra/numaestra/internal/repository/postgres/category_repository.go:112.2,112.42 1 0
github.com/numaestra/numaestra/internal/repository/postgres/order_repository.go:18.62,20.2 1 0
github.com/numaestra/numaestra/internal/repository/postgres/order_repository.go:27.60,28.38 1 0
github.com/numaestra/numaestra/internal/repository/postgres/order_repository.go:28.38,30.3 1 0
github.com/numaestra/numaestra/internal/repository/postgres/order_repository.go:31.2,31.15 1 0
github.com/numaestra/numaestra/internal/repository/postgres/order_repository.go:34.82,37.75 2 0
github.com/numaestra/numaestra/internal/repository/postgres/order_repository.go:37.75,49.17 3 0
github.com/numaestra/numaestra/internal/repository/postgres/order_repository.go:49.17,51.4 1 0
github.com/numaestra/numaestra/internal/repository/postgres/order_repository.go:53.3,53.69 1 0
github.com/numaestra/numaestra/internal/repository/postgres/order_repository.go:53.69,55.4 1 0
github.com/numaestra/numaestra/internal/repository/postgres/order_repository.go:56.3,56.13 1 0
github.com/numaestra/numaestra/internal/repository/postgres/order_repository.go:60.93,73.35 4 0
github.com/numaestra/numaestra/internal/repository/postgres/order_repository.go:73.35,75.3 1 0
github.com/numaestra/numaestra/internal/repository/postgres/order_repository.go:76.2,76.16 1 0
github.com/numaestra/numaestra/internal/repository/postgres/order_repository.go:76.16,78.3 1 0
github.com/numaestra/numaestra/internal/repository/postgres/order_repository.go:80.2,81.16 2 0
github.com/numaestra/numaestra/internal/repository/postgres/order_repository.go:81.16,83.3 1 0
github.com/numaestra/numaestra/internal/repository/postgres/order_repository.go:84.2,86.39 2 0
github.com/numaestra/numaestra/internal/repository/postgres/order_repository.go:89.103,102.35 4 0
github.com/numaestra/numaestra/internal/repository/postgres/order_repository.go:102.35,104.3 1 0
github.com/numaestra/numaestra/internal/repository/postgres/order_repository.go:105.2,105.16 1 0
github.com/numaestra/numaestra/internal/repository/postgres/order_repository.go:105.16,107.3 1 0
github.com/numaestra/numaestra/internal/repository/postgres/order_repository.go:109.2,110.16 2 0
github.com/numaestra/numaestra/internal/repository/postgres/order_repository.go:110.16,112.3 1 0
github.com/numaestra/numaestra/internal/repository/postgres/order_repository.go:113.2,115.39 2 0
github.com/numaestra/numaestra/internal/repository/postgres/order_repository.go:118.82,121.75 2 0
github.com/numaestra/numaestra/internal/repository/postgres/order_repository.go:121.75,128.17 3 0
github.com/numaestra/numaestra/internal/repository/postgres/order_repository.go:128.17,130.4 1 0
github.com/numaestra/numaestra/internal/repository/postgres/order_repository.go:131.3,131.30 1 0
github.com/numaestra/numaestra/internal/repository/postgres/order_repository.go:131.30,133.4 1 0
github.com/numaestra/numaestra/internal/repository/postgres/order_repository.go:135.3,135.69 1 0
github.com/numaestra/numaestra/internal/repository/postgres/order_repository.go:135.69,137.4 1 0
github.com/numaestra/numaestra/internal/repository/postgres/order_repository.go:138.3,138.13 1 0
github.com/numaestra/numaestra/internal/repository/postgres/order_repository.go:147.103,158.16 4 0
github.com/numaestra/numaestra/internal/repository/postgres/order_repository.go:158.16,160.3 1 0
github.com/numaestra/numaestra/internal/repository/postgres/order_repository.go:161.2,161.36 1 0
github.com/numaestra/numaestra/internal/repository/postgres/order_repository.go:164.126,171.16 3 0
github.com/numaestra/numaestra/internal/repository/postgres/order_repository.go:171.16,173.3 1 0
github.com/numaestra/numaestra/internal/repository/postgres/order_repository.go:174.2,178.18 4 0
github.com/numaestra/numaestra/internal/repository/postgres/order_repository.go:178.18,187.17 3 0
github.com/numaestra/numaestra/internal/repository/postgres/order_repository.go:187.17,189.4 1 0
github.com/numaestra/numaestra/internal/repository/postgres/order_repository.go:190.3,191.39 2 0
github.com/numaestra/numaestra/internal/repository/postgres/order_repository.go:193.2,193.35 1 0
github.com/numaestra/numaestra/internal/repository/postgres/order_repository.go:193.35,195.3 1 0
github.com/numaestra/numaestra/internal/repository/postgres/order_repository.go:196.2,196.21 1 0
github.com/numaestra/numaestra/internal/repository/postgres/order_repository.go:196.21,198.3 1 0
github.com/numaestra/numaestra/internal/repository/postgres/order_repository.go:201.2,202.16 2 0
github.com/numaestra/numaestra/internal/repository/postgres/order_repository.go:202.16,204.3 1 0
github.com/numaestra/numaestra/internal/repository/postgres/order_repository.go:207.2,208.29 2 0
github.com/numaestra/numaestra/internal/repository/postgres/order_repository.go:208.29,211.3 2 0
github.com/numaestra/numaestra/internal/repository/postgres/order_repository.go:212.2,212.20 1 0
github.com/numaestra/numaestra/internal/repository/postgres/order_repository.go:217.127,225.16 3 0
github.com/numaestra/numaestra/internal/repository/postgres/order_repository.go:225.16,227.3 1 0
github.com/numaestra/numaestra/internal/repository/postgres/order_repository.go:228.2,231.18 3 0
github.com/numaestra/numaestra/internal/repository/postgres/order_repository.go:231.18,234.107 3 0
github.com/numaestra/numaestra/internal/repository/postgres/order_repository.go:234.107,236.4 1 0
github.com/numaestra/numaestra/internal/repository/postgres/order_repository.go:237.3,237.47 1 0
github.com/numaestra/numaestra/internal/repository/postgres/order_repository.go:239.2,239.35 1 0
github.com/numaestra/numaestra/internal/repository/postgres/order_repository.go:239.35,241.3 1 0
github.com/numaestra/numaestra/internal/repository/postgres/order_repository.go:242.2,242.20 1 0
github.com/numaestra/numaestra/internal/repository/postgres/order_repository.go:245.126,251.16 3 0
github.com/numaestra/numaestra/internal/repository/postgres/order_repository.go:251.16,253.3 1 0
github.com/numaestra/numaestra/internal/repository/postgres/order_repository.go:254.2,258.18 4 0
github.com/numaestra/numaestra/internal/repository/postgres/order_repository.go:258.18,267.17 3 0
github.com/numaestra/numaestra/internal/repository/postgres/order_repository.go:267.17,269.4 1 0
github.com/numaestra/numaestra/internal/repository/postgres/order_repository.go:270.3,271.39 2 0
github.com/numaestra/numaestra/internal/repository/postgres/order_repository.go:273.2,273.35 1 0
github.com/numaestra/numaestra/internal/repository/postgres/order_repository.go:273.35,275.3 1 0
github.com/numaestra/numaestra/internal/repository/postgres/order_repository.go:276.2,276.21 1 0
github.com/numaestra/numaestra/internal/repository/postgres/order_repository.go:276.21,278.3 1 0
github.com/numaestra/numaestra/internal/repository/postgres/order_repository.go:280.2,281.16 2 0
github.com/numaestra/numaestra/internal/repository/postgres/order_repository.go:281.16,283.3 1 0
github.com/numaestra/numaestra/internal/repository/postgres/order_repository.go:285.2,286.29 2 0
github.com/numaestra/numaestra/internal/repository/postgres/order_repository.go:286.29,289.3 2 0
github.com/numaestra/numaestra/internal/repository/postgres/order_repository.go:290.2,290.20 1 0
github.com/numaestra/numaestra/internal/repository/postgres/order_repository.go:294.102,307.16 4 0
github.com/numaestra/numaestra/internal/repository/postgres/order_repository.go:307.16,308.36 1 0
github.com/numaestra/numaestra/internal/repository/postgres/order_repository.go:308.36,310.4 1 0
github.com/numaestra/numaestra/internal/repository/postgres/order_repository.go:311.3,311.63 1 0
github.com/numaestra/numaestra/internal/repository/postgres/order_repository.go:314.2,315.16 2 0
github.com/numaestra/numaestra/internal/repository/postgres/order_repository.go:315.16,317.3 1 0
github.com/numaestra/numaestra/internal/repository/postgres/order_repository.go:318.2,319.39 2 0
github.com/numaestra/numaestra/internal/repository/postgres/order_repository.go:323.77,325.96 2 0
github.com/numaestra/numaestra/internal/repository/postgres/order_repository.go:325.96,327.3 1 0
github.com/numaestra/numaestra/internal/repository/postgres/order_repository.go:328.2,328.16 1 0
github.com/numaestra/numaestra/internal/repository/postgres/order_repository.go:331.118,332.22 1 0
github.com/numaestra/numaestra/internal/repository/postgres/order_repository.go:332.22,334.3 1 0
github.com/numaestra/numaestra/internal/repository/postgres/order_repository.go:335.2,341.27 2 0
github.com/numaestra/numaestra/internal/repository/postgres/order_repository.go:341.27,343.17 2 0
github.com/numaestra/numaestra/internal/repository/postgres/order_repository.go:343.17,345.4 1 0
github.com/numaestra/numaestra/internal/repository/postgres/order_repository.go:347.2,347.12 1 0
github.com/numaestra/numaestra/internal/repository/postgres/order_repository.go:351.100,361.16 3 0
github.com/numaestra/numaestra/internal/repository/postgres/order_repository.go:361.16,363.3 1 0
github.com/numaestra/numaestra/internal/repository/postgres/order_repository.go:364.2,367.18 3 0
github.com/numaestra/numaestra/internal/repository/postgres/order_repository.go:367.18,375.17 2 0
github.com/numaestra/numaestra/internal/repository/postgres/order_repository.go:375.17,377.4 1 0
github.com/numaestra/numaestra/internal/repository/postgres/order_repository.go:378.3,378.30 1 0
github.com/numaestra/numaestra/internal/repository/postgres/order_repository.go:380.2,380.35 1 0
github.com/numaestra/numaestra/internal/repository/postgres/order_repository.go:380.35,382.3 1 0
github.com/numaestra/numaestra/internal/repository/postgres/order_repository.go:384.2,385.26 2 0
github.com/numaestra/numaestra/internal/repository/postgres/order_repository.go:385.26,387.3 1 0
github.com/numaestra/numaestra/internal/repository/postgres/order_repository.go:388.2,389.16 2 0
github.com/numaestra/numaestra/internal/repository/postgres/order_repository.go:389.16,391.3 1 0
github.com/numaestra/numaestra/internal/repository/postgres/order_repository.go:393.2,394.29 2 0
github.com/numaestra/numaestra/internal/repository/postgres/order_repository.go:394.29,397.3 2 0
github.com/numaestra/numaestra/internal/repository/postgres/order_repository.go:398.2,398.20 1 0
github.com/numaestra/numaestra/internal/repository/postgres/order_repository.go:402.70,405.16 3 0
github.com/numaestra/numaestra/internal/repository/postgres/order_repository.go:405.16,407.3 1 0
github.com/numaestra/numaestra/internal/repository/postgres/order_repository.go:408.2,408.19 1 0
github.com/numaestra/numaestra/internal/repository/postgres/order_repository.go:411.109,414.16 3 0
github.com/numaestra/numaestra/internal/repository/postgres/order_repository.go:414.16,416.3 1 0
github.com/numaestra/numaestra/internal/repository/postgres/order_repository.go:417.2,420.18 3 0
github.com/numaestra/numaestra/internal/repository/postgres/order_repository.go:420.18,423.17 3 0
github.com/numaestra/numaestra/internal/repository/postgres/order_repository.go:423.17,425.4 1 0
github.com/numaestra/numaestra/internal/repository/postgres/order_repository.go:426.3,426.29 1 0
github.com/numaestra/numaestra/internal/repository/postgres/order_repository.go:428.2,428.20 1 0
github.com/numaestra/numaestra/internal/repository/postgres/tx.go:27.61,29.2 1 0
github.com/numaestra/numaestra/internal/repository/postgres/tx.go:31.56,34.2 2 0
github.com/numaestra/numaestra/internal/repository/postgres/tx.go:38.39,39.13 1 0
github.com/numaestra/numaestra/internal/repository/postgres/tx.go:39.13,41.3 1 0
github.com/numaestra/numaestra/internal/repository/postgres/tx.go:42.2,42.11 1 0
github.com/numaestra/numaestra/internal/repository/postgres/tx.go:51.50,53.2 1 0
github.com/numaestra/numaestra/internal/repository/postgres/tx.go:58.87,59.37 1 0
github.com/numaestra/numaestra/internal/repository/postgres/tx.go:59.37,62.3 1 0
github.com/numaestra/numaestra/internal/repository/postgres/tx.go:64.2,65.16 2 0
github.com/numaestra/numaestra/internal/repository/postgres/tx.go:65.16,67.3 1 0
github.com/numaestra/numaestra/internal/repository/postgres/tx.go:68.2,68.15 1 0
github.com/numaestra/numaestra/internal/repository/postgres/tx.go:68.15,72.3 1 0
github.com/numaestra/numaestra/internal/repository/postgres/tx.go:74.2,74.44 1 0
github.com/numaestra/numaestra/internal/repository/postgres/tx.go:74.44,76.3 1 0
github.com/numaestra/numaestra/internal/repository/postgres/tx.go:78.2,78.39 1 0
github.com/numaestra/numaestra/internal/repository/postgres/tx.go:78.39,80.3 1 0
github.com/numaestra/numaestra/internal/repository/postgres/tx.go:81.2,81.12 1 0
github.com/numaestra/numaestra/internal/repository/postgres/tx.go:88.110,89.38 1 0
github.com/numaestra/numaestra/internal/repository/postgres/tx.go:89.38,91.3 1 0
github.com/numaestra/numaestra/internal/repository/postgres/tx.go:93.2,94.16 2 0
github.com/numaestra/numaestra/internal/repository/postgres/tx.go:94.16,96.3 1 0
github.com/numaestra/numaestra/internal/repository/postgres/tx.go:97.2,97.15 1 0
github.com/numaestra/numaestra/internal/repository/postgres/tx.go:97.15,97.39 1 0
github.com/numaestra/numaestra/internal/repository/postgres/tx.go:99.2,99.48 1 0
github.com/numaestra/numaestra/internal/repository/postgres/tx.go:99.48,101.3 1 0
github.com/numaestra/numaestra/internal/repository/postgres/tx.go:102.2,102.23 1 0
github.com/numaestra/numaestra/pkg/metrics/metrics.go:73.29,75.2 1 0
github.com/numaestra/numaestra/internal/domain/account.go:73.93,74.17 1 21
github.com/numaestra/numaestra/internal/domain/account.go:74.17,76.3 1 1
github.com/numaestra/numaestra/internal/domain/account.go:77.2,77.28 1 20
github.com/numaestra/numaestra/internal/domain/account.go:77.28,79.3 1 1
github.com/numaestra/numaestra/internal/domain/account.go:80.2,80.22 1 19
github.com/numaestra/numaestra/internal/domain/account.go:80.22,82.3 1 1
github.com/numaestra/numaestra/internal/domain/account.go:84.2,94.8 2 18
github.com/numaestra/numaestra/internal/domain/account.go:98.58,99.11 1 1
github.com/numaestra/numaestra/internal/domain/account.go:99.11,101.3 1 0
github.com/numaestra/numaestra/internal/domain/account.go:102.2,104.12 3 1
github.com/numaestra/numaestra/internal/domain/account.go:125.61,127.23 2 2
github.com/numaestra/numaestra/internal/domain/account.go:127.23,130.3 1 1
github.com/numaestra/numaestra/internal/domain/account.go:131.2,144.3 1 2
github.com/numaestra/numaestra/internal/domain/account.go:148.50,148.65 1 2
github.com/numaestra/numaestra/internal/domain/account.go:149.50,149.69 1 10
github.com/numaestra/numaestra/internal/domain/account.go:150.50,150.68 1 2
github.com/numaestra/numaestra/internal/domain/account.go:151.50,151.79 1 2
github.com/numaestra/numaestra/internal/domain/account.go:152.50,152.75 1 4
github.com/numaestra/numaestra/internal/domain/account.go:153.51,153.76 1 2
github.com/numaestra/numaestra/internal/domain/account.go:154.51,154.82 1 3
github.com/numaestra/numaestra/internal/domain/account.go:155.51,155.79 1 7
github.com/numaestra/numaestra/internal/domain/account.go:156.51,156.77 1 2
github.com/numaestra/numaestra/internal/domain/account.go:157.51,157.73 1 2
github.com/numaestra/numaestra/internal/domain/account.go:161.55,162.37 1 14
github.com/numaestra/numaestra/internal/domain/account.go:162.37,164.3 1 1
github.com/numaestra/numaestra/internal/domain/account.go:165.2,165.25 1 13
github.com/numaestra/numaestra/internal/domain/account.go:165.25,167.3 1 0
github.com/numaestra/numaestra/internal/domain/account.go:168.2,168.60 1 13
github.com/numaestra/numaestra/internal/domain/account.go:168.60,170.3 1 0
github.com/numaestra/numaestra/internal/domain/account.go:171.2,171.47 1 13
github.com/numaestra/numaestra/internal/domain/account.go:171.47,173.3 1 2
github.com/numaestra/numaestra/internal/domain/account.go:174.2,174.13 1 11
github.com/numaestra/numaestra/internal/domain/account.go:182.56,183.25 1 10
github.com/numaestra/numaestra/internal/domain/account.go:183.25,185.3 1 1
github.com/numaestra/numaestra/internal/domain/account.go:186.2,189.12 4 9
github.com/numaestra/numaestra/internal/domain/account.go:195.37,196.27 1 3
github.com/numaestra/numaestra/internal/domain/account.go:196.27,198.3 1 2
github.com/numaestra/numaestra/internal/domain/account.go:199.2,201.11 3 3
github.com/numaestra/numaestra/internal/domain/account.go:205.55,206.16 1 3
github.com/numaestra/numaestra/internal/domain/account.go:206.16,208.3 1 0
github.com/numaestra/numaestra/internal/domain/account.go:209.2,209.29 1 3
github.com/numaestra/numaestra/internal/domain/account.go:209.29,211.3 1 1
github.com/numaestra/numaestra/internal/domain/account.go:212.2,213.25 2 2
github.com/numaestra/numaestra/internal/domain/account.go:213.25,215.3 1 1
github.com/numaestra/numaestra/internal/domain/account.go:216.2,217.12 2 2
github.com/numaestra/numaestra/internal/domain/account.go:221.61,226.2 4 3
github.com/numaestra/numaestra/internal/domain/account.go:230.54,232.33 2 9
github.com/numaestra/numaestra/internal/domain/account.go:232.33,234.3 1 2
github.com/numaestra/numaestra/internal/domain/account.go:235.2,235.11 1 9
github.com/numaestra/numaestra/internal/domain/account.go:239.39,242.2 2 1
github.com/numaestra/numaestra/internal/domain/account.go:244.31,246.2 1 28
github.com/numaestra/numaestra/internal/domain/account.go:268.54,283.2 1 1
github.com/numaestra/numaestra/internal/domain/category.go:46.52,56.2 1 5
github.com/numaestra/numaestra/internal/domain/category.go:59.48,69.2 1 1
github.com/numaestra/numaestra/internal/domain/category.go:72.50,72.65 1 1
github.com/numaestra/numaestra/internal/domain/category.go:73.50,73.68 1 1
github.com/numaestra/numaestra/internal/domain/category.go:74.50,74.74 1 1
github.com/numaestra/numaestra/internal/domain/category.go:75.50,75.76 1 1
github.com/numaestra/numaestra/internal/domain/category.go:76.50,76.70 1 1
github.com/numaestra/numaestra/internal/domain/category.go:77.50,77.81 1 1
github.com/numaestra/numaestra/internal/domain/category.go:78.50,78.72 1 1
github.com/numaestra/numaestra/internal/domain/category.go:82.50,99.2 2 3
github.com/numaestra/numaestra/internal/domain/order.go:104.137,105.48 1 23
github.com/numaestra/numaestra/internal/domain/order.go:105.48,107.3 1 1
github.com/numaestra/numaestra/internal/domain/order.go:108.2,108.17 1 22
github.com/numaestra/numaestra/internal/domain/order.go:108.17,110.3 1 1
github.com/numaestra/numaestra/internal/domain/order.go:111.2,111.52 1 21
github.com/numaestra/numaestra/internal/domain/order.go:111.52,113.3 1 1
github.com/numaestra/numaestra/internal/domain/order.go:114.2,114.24 1 20
github.com/numaestra/numaestra/internal/domain/order.go:114.24,116.3 1 2
github.com/numaestra/numaestra/internal/domain/order.go:118.2,121.16 3 18
github.com/numaestra/numaestra/internal/domain/order.go:121.16,123.3 1 0
github.com/numaestra/numaestra/internal/domain/order.go:125.2,140.8 1 18
github.com/numaestra/numaestra/internal/domain/order.go:144.44,146.40 2 18
github.com/numaestra/numaestra/internal/domain/order.go:146.40,148.3 1 0
github.com/numaestra/numaestra/internal/domain/order.go:149.2,149.35 1 18
github.com/numaestra/numaestra/internal/domain/order.go:176.43,187.2 1 2
github.com/numaestra/numaestra/internal/domain/order.go:191.53,191.68 1 3
github.com/numaestra/numaestra/internal/domain/order.go:192.53,192.75 1 2
github.com/numaestra/numaestra/internal/domain/order.go:193.53,193.79 1 1
github.com/numaestra/numaestra/internal/domain/order.go:194.53,194.79 1 2
github.com/numaestra/numaestra/internal/domain/order.go:195.53,195.71 1 1
github.com/numaestra/numaestra/internal/domain/order.go:196.53,196.76 1 2
github.com/numaestra/numaestra/internal/domain/order.go:197.53,197.76 1 2
github.com/numaestra/numaestra/internal/domain/order.go:198.53,198.79 1 2
github.com/numaestra/numaestra/internal/domain/order.go:199.53,199.74 1 1
github.com/numaestra/numaestra/internal/domain/order.go:200.53,200.79 1 4
github.com/numaestra/numaestra/internal/domain/order.go:201.53,201.82 1 7
github.com/numaestra/numaestra/internal/domain/order.go:202.53,202.83 1 1
github.com/numaestra/numaestra/internal/domain/order.go:203.53,203.72 1 1
github.com/numaestra/numaestra/internal/domain/order.go:204.53,204.79 1 1
github.com/numaestra/numaestra/internal/domain/order.go:205.53,205.77 1 6
github.com/numaestra/numaestra/internal/domain/order.go:206.53,206.75 1 1
github.com/numaestra/numaestra/internal/domain/order.go:211.34,212.42 1 9
github.com/numaestra/numaestra/internal/domain/order.go:212.42,214.3 1 1
github.com/numaestra/numaestra/internal/domain/order.go:215.2,215.45 1 8
github.com/numaestra/numaestra/internal/domain/order.go:215.45,217.3 1 0
github.com/numaestra/numaestra/internal/domain/order.go:218.2,222.12 5 8
github.com/numaestra/numaestra/internal/domain/order.go:226.43,227.45 1 1
github.com/numaestra/numaestra/internal/domain/order.go:227.45,229.3 1 0
github.com/numaestra/numaestra/internal/domain/order.go:230.2,232.12 3 1
github.com/numaestra/numaestra/internal/domain/order.go:236.38,237.42 1 2
github.com/numaestra/numaestra/internal/domain/order.go:237.42,239.3 1 1
github.com/numaestra/numaestra/internal/domain/order.go:240.2,242.12 3 1
github.com/numaestra/numaestra/internal/domain/order.go:248.33,249.42 1 6
github.com/numaestra/numaestra/internal/domain/order.go:249.42,251.3 1 1
github.com/numaestra/numaestra/internal/domain/order.go:252.2,252.47 1 5
github.com/numaestra/numaestra/internal/domain/order.go:252.47,254.3 1 0
github.com/numaestra/numaestra/internal/domain/order.go:255.2,257.12 3 5
github.com/numaestra/numaestra/internal/domain/order.go:261.60,262.50 1 4
github.com/numaestra/numaestra/internal/domain/order.go:262.50,264.3 1 0
github.com/numaestra/numaestra/internal/domain/order.go:265.2,268.12 4 4
github.com/numaestra/numaestra/internal/domain/order.go:272.48,273.54 1 2
github.com/numaestra/numaestra/internal/domain/order.go:273.54,275.3 1 0
github.com/numaestra/numaestra/internal/domain/order.go:276.2,276.22 1 2
github.com/numaestra/numaestra/internal/domain/order.go:276.22,278.3 1 1
github.com/numaestra/numaestra/internal/domain/order.go:279.2,284.12 6 1
github.com/numaestra/numaestra/internal/domain/order.go:288.43,289.53 1 1
github.com/numaestra/numaestra/internal/domain/order.go:289.53,291.3 1 0
github.com/numaestra/numaestra/internal/domain/order.go:292.2,295.12 4 1
github.com/numaestra/numaestra/internal/domain/order.go:300.41,301.54 1 1
github.com/numaestra/numaestra/internal/domain/order.go:301.54,303.3 1 0
github.com/numaestra/numaestra/internal/domain/order.go:304.2,307.12 4 1
github.com/numaestra/numaestra/internal/domain/order.go:310.25,312.2 1 22
github.com/numaestra/numaestra/internal/domain/order.go:325.42,347.2 1 2
github.com/numaestra/numaestra/pkg/banner/banner.go:32.31,34.28 2 1
github.com/numaestra/numaestra/pkg/banner/banner.go:34.28,35.49 1 6
github.com/numaestra/numaestra/pkg/banner/banner.go:35.49,37.4 1 1
github.com/numaestra/numaestra/pkg/banner/banner.go:39.2,39.12 1 1
github.com/numaestra/numaestra/pkg/banner/banner.go:42.43,44.17 2 26
github.com/numaestra/numaestra/pkg/banner/banner.go:44.17,46.3 1 13
github.com/numaestra/numaestra/pkg/banner/banner.go:47.2,47.42 1 13
github.com/numaestra/numaestra/pkg/banner/banner.go:50.40,52.2 1 6
github.com/numaestra/numaestra/pkg/banner/banner.go:54.33,57.2 1 18
github.com/numaestra/numaestra/pkg/banner/banner.go:59.69,67.13 6 6
github.com/numaestra/numaestra/pkg/banner/banner.go:67.13,69.3 1 0
github.com/numaestra/numaestra/pkg/banner/banner.go:71.2,91.19 18 6
github.com/numaestra/numaestra/pkg/banner/banner.go:95.46,99.28 3 2
github.com/numaestra/numaestra/pkg/banner/banner.go:99.28,101.3 1 12
github.com/numaestra/numaestra/pkg/banner/banner.go:103.2,111.17 6 2
github.com/numaestra/numaestra/pkg/encryption/aes.go:24.38,25.20 1 9
github.com/numaestra/numaestra/pkg/encryption/aes.go:25.20,27.3 1 1
github.com/numaestra/numaestra/pkg/encryption/aes.go:28.2,30.32 3 8
github.com/numaestra/numaestra/pkg/encryption/aes.go:35.63,37.16 2 6
github.com/numaestra/numaestra/pkg/encryption/aes.go:37.16,39.3 1 0
github.com/numaestra/numaestra/pkg/encryption/aes.go:40.2,41.16 2 6
github.com/numaestra/numaestra/pkg/encryption/aes.go:41.16,43.3 1 0
github.com/numaestra/numaestra/pkg/encryption/aes.go:44.2,45.59 2 6
github.com/numaestra/numaestra/pkg/encryption/aes.go:45.59,47.3 1 0
github.com/numaestra/numaestra/pkg/encryption/aes.go:48.2,49.55 2 6
github.com/numaestra/numaestra/pkg/encryption/aes.go:53.64,55.16 2 6
github.com/numaestra/numaestra/pkg/encryption/aes.go:55.16,57.3 1 1
github.com/numaestra/numaestra/pkg/encryption/aes.go:58.2,59.16 2 5
github.com/numaestra/numaestra/pkg/encryption/aes.go:59.16,61.3 1 0
github.com/numaestra/numaestra/pkg/encryption/aes.go:62.2,63.16 2 5
github.com/numaestra/numaestra/pkg/encryption/aes.go:63.16,65.3 1 0
github.com/numaestra/numaestra/pkg/encryption/aes.go:66.2,66.32 1 5
github.com/numaestra/numaestra/pkg/encryption/aes.go:66.32,68.3 1 1
github.com/numaestra/numaestra/pkg/encryption/aes.go:69.2,71.16 3 4
github.com/numaestra/numaestra/pkg/encryption/aes.go:71.16,73.3 1 2
github.com/numaestra/numaestra/pkg/encryption/aes.go:74.2,74.31 1 2
github.com/numaestra/numaestra/pkg/circuitbreaker/breaker.go:47.70,53.2 1 7
github.com/numaestra/numaestra/pkg/circuitbreaker/breaker.go:59.45,61.17 2 16
github.com/numaestra/numaestra/pkg/circuitbreaker/breaker.go:62.17,63.41 1 3
github.com/numaestra/numaestra/pkg/circuitbreaker/breaker.go:63.41,66.4 2 1
github.com/numaestra/numaestra/pkg/circuitbreaker/breaker.go:68.3,68.26 1 2
github.com/numaestra/numaestra/pkg/circuitbreaker/breaker.go:70.2,77.16 5 15
github.com/numaestra/numaestra/pkg/circuitbreaker/breaker.go:77.16,79.60 2 12
github.com/numaestra/numaestra/pkg/circuitbreaker/breaker.go:79.60,82.4 2 5
github.com/numaestra/numaestra/pkg/circuitbreaker/breaker.go:83.3,83.13 1 12
github.com/numaestra/numaestra/pkg/circuitbreaker/breaker.go:87.2,89.12 3 3
github.com/numaestra/numaestra/pkg/circuitbreaker/breaker.go:93.34,96.17 3 6
github.com/numaestra/numaestra/pkg/circuitbreaker/breaker.go:97.17,98.16 1 2
github.com/numaestra/numaestra/pkg/circuitbreaker/breaker.go:99.21,100.21 1 0
github.com/numaestra/numaestra/pkg/circuitbreaker/breaker.go:101.10,102.18 1 4
github.com/numaestra/numaestra/internal/repository/suno/adapter.go:21.65,26.2 1 7
github.com/numaestra/numaestra/internal/repository/suno/adapter.go:30.116,38.38 3 3
github.com/numaestra/numaestra/internal/repository/suno/adapter.go:38.38,42.3 3 3
github.com/numaestra/numaestra/internal/repository/suno/adapter.go:42.17,44.3 1 1
github.com/numaestra/numaestra/internal/repository/suno/adapter.go:46.2,46.21 1 2
github.com/numaestra/numaestra/internal/repository/suno/adapter.go:46.21,48.3 1 1
github.com/numaestra/numaestra/internal/repository/suno/adapter.go:50.2,51.29 2 1
github.com/numaestra/numaestra/internal/repository/suno/adapter.go:51.29,53.3 1 2
github.com/numaestra/numaestra/internal/repository/suno/adapter.go:55.2,56.27 2 1
github.com/numaestra/numaestra/internal/repository/suno/adapter.go:59.120,60.25 1 4
github.com/numaestra/numaestra/internal/repository/suno/adapter.go:60.25,62.3 1 1
github.com/numaestra/numaestra/internal/repository/suno/adapter.go:64.2,66.38 3 3
github.com/numaestra/numaestra/internal/repository/suno/adapter.go:66.38,70.3 3 3
github.com/numaestra/numaestra/internal/repository/suno/adapter.go:70.17,72.3 1 0
github.com/numaestra/numaestra/internal/repository/suno/adapter.go:74.2,83.29 5 3
github.com/numaestra/numaestra/internal/repository/suno/adapter.go:83.29,84.22 1 5
github.com/numaestra/numaestra/internal/repository/suno/adapter.go:85.25,87.33 2 1
github.com/numaestra/numaestra/internal/repository/suno/adapter.go:88.28,93.6 1 3
github.com/numaestra/numaestra/internal/repository/suno/adapter.go:94.11,95.24 1 1
github.com/numaestra/numaestra/internal/repository/suno/adapter.go:99.2,99.15 1 3
github.com/numaestra/numaestra/internal/repository/suno/adapter.go:99.15,102.3 2 1
github.com/numaestra/numaestra/internal/repository/suno/adapter.go:102.8,102.26 1 2
github.com/numaestra/numaestra/internal/repository/suno/adapter.go:102.26,104.3 1 1
github.com/numaestra/numaestra/internal/repository/suno/adapter.go:106.2,106.20 1 3
github.com/numaestra/numaestra/pkg/logger/logger.go:11.35,14.18 2 2
github.com/numaestra/numaestra/pkg/logger/logger.go:14.18,16.3 1 1
github.com/numaestra/numaestra/pkg/logger/logger.go:16.8,20.3 1 1
github.com/numaestra/numaestra/pkg/logger/logger.go:22.2,25.10 3 2
github.com/numaestra/numaestra/pkg/logger/neon_handler.go:26.57,27.9 1 8
github.com/numaestra/numaestra/pkg/logger/neon_handler.go:28.30,29.29 1 1
github.com/numaestra/numaestra/pkg/logger/neon_handler.go:30.30,31.28 1 5
github.com/numaestra/numaestra/pkg/logger/neon_handler.go:32.31,33.28 1 1
github.com/numaestra/numaestra/pkg/logger/neon_handler.go:34.10,35.26 1 1
github.com/numaestra/numaestra/pkg/logger/neon_handler.go:47.65,53.2 1 11
github.com/numaestra/numaestra/pkg/logger/neon_handler.go:55.73,57.2 1 11
github.com/numaestra/numaestra/pkg/logger/neon_handler.go:59.65,60.21 1 2
github.com/numaestra/numaestra/pkg/logger/neon_handler.go:60.21,62.3 1 1
github.com/numaestra/numaestra/pkg/logger/neon_handler.go:63.2,66.88 4 1
github.com/numaestra/numaestra/pkg/logger/neon_handler.go:69.59,70.16 1 2
github.com/numaestra/numaestra/pkg/logger/neon_handler.go:70.16,72.3 1 1
github.com/numaestra/numaestra/pkg/logger/neon_handler.go:74.2,74.102 1 1
github.com/numaestra/numaestra/pkg/logger/neon_handler.go:77.70,100.28 18 8
github.com/numaestra/numaestra/pkg/logger/neon_handler.go:100.28,102.3 1 1
github.com/numaestra/numaestra/pkg/logger/neon_handler.go:103.2,103.33 1 8
github.com/numaestra/numaestra/pkg/logger/neon_handler.go:103.33,106.3 2 3
github.com/numaestra/numaestra/pkg/logger/neon_handler.go:108.2,113.12 5 8
github.com/numaestra/numaestra/pkg/logger/neon_handler.go:116.64,118.26 2 5
github.com/numaestra/numaestra/pkg/logger/neon_handler.go:118.26,120.3 1 0
github.com/numaestra/numaestra/pkg/logger/neon_handler.go:123.2,123.38 1 5
github.com/numaestra/numaestra/pkg/logger/neon_handler.go:123.38,125.22 2 1
github.com/numaestra/numaestra/pkg/logger/neon_handler.go:125.22,127.4 1 0
github.com/numaestra/numaestra/pkg/logger/neon_handler.go:128.3,129.28 2 1
github.com/numaestra/numaestra/pkg/logger/neon_handler.go:129.28,131.4 1 1
github.com/numaestra/numaestra/pkg/logger/neon_handler.go:132.3,132.9 1 1
github.com/numaestra/numaestra/pkg/logger/neon_handler.go:135.2,139.72 3 4
github.com/numaestra/numaestra/pkg/logger/neon_handler.go:139.72,141.3 1 0
github.com/numaestra/numaestra/pkg/logger/neon_handler.go:143.2,152.26 10 4
github.com/numaestra/numaestra/pkg/migrate/migrate.go:47.95,52.16 2 0
github.com/numaestra/numaestra/pkg/migrate/migrate.go:52.16,54.3 1 0
github.com/numaestra/numaestra/pkg/migrate/migrate.go:55.2,57.91 2 0
github.com/numaestra/numaestra/pkg/migrate/migrate.go:57.91,59.3 1 0
github.com/numaestra/numaestra/pkg/migrate/migrate.go:60.2,63.65 2 0
github.com/numaestra/numaestra/pkg/migrate/migrate.go:63.65,65.3 1 0
github.com/numaestra/numaestra/pkg/migrate/migrate.go:68.2,69.16 2 0
github.com/numaestra/numaestra/pkg/migrate/migrate.go:69.16,71.3 1 0
github.com/numaestra/numaestra/pkg/migrate/migrate.go:74.2,75.16 2 0
github.com/numaestra/numaestra/pkg/migrate/migrate.go:75.16,77.3 1 0
github.com/numaestra/numaestra/pkg/migrate/migrate.go:79.2,80.28 2 0
github.com/numaestra/numaestra/pkg/migrate/migrate.go:80.28,81.56 1 0
github.com/numaestra/numaestra/pkg/migrate/migrate.go:81.56,83.4 1 0
github.com/numaestra/numaestra/pkg/migrate/migrate.go:85.2,88.29 2 0
github.com/numaestra/numaestra/pkg/migrate/migrate.go:88.29,89.20 1 0
github.com/numaestra/numaestra/pkg/migrate/migrate.go:89.20,91.12 2 0
github.com/numaestra/numaestra/pkg/migrate/migrate.go:94.3,95.17 2 0
github.com/numaestra/numaestra/pkg/migrate/migrate.go:95.17,97.4 1 0
github.com/numaestra/numaestra/pkg/migrate/migrate.go:99.3,99.70 1 0
github.com/numaestra/numaestra/pkg/migrate/migrate.go:99.70,101.4 1 0
github.com/numaestra/numaestra/pkg/migrate/migrate.go:103.3,103.67 1 0
github.com/numaestra/numaestra/pkg/migrate/migrate.go:106.2,106.12 1 0
github.com/numaestra/numaestra/pkg/migrate/migrate.go:109.88,111.16 2 0
github.com/numaestra/numaestra/pkg/migrate/migrate.go:111.16,113.3 1 0
github.com/numaestra/numaestra/pkg/migrate/migrate.go:114.2,117.18 3 0
github.com/numaestra/numaestra/pkg/migrate/migrate.go:117.18,119.39 2 0
github.com/numaestra/numaestra/pkg/migrate/migrate.go:119.39,121.4 1 0
github.com/numaestra/numaestra/pkg/migrate/migrate.go:122.3,122.20 1 0
github.com/numaestra/numaestra/pkg/migrate/migrate.go:124.2,124.28 1 0
github.com/numaestra/numaestra/pkg/migrate/migrate.go:127.89,129.16 2 0
github.com/numaestra/numaestra/pkg/migrate/migrate.go:129.16,131.3 1 0
github.com/numaestra/numaestra/pkg/migrate/migrate.go:132.2,134.45 2 0
github.com/numaestra/numaestra/pkg/migrate/migrate.go:134.45,136.3 1 0
github.com/numaestra/numaestra/pkg/migrate/migrate.go:138.2,140.16 1 0
github.com/numaestra/numaestra/pkg/migrate/migrate.go:140.16,142.3 1 0
github.com/numaestra/numaestra/pkg/migrate/migrate.go:144.2,144.23 1 0
github.com/numaestra/numaestra/pkg/s3/s3_client.go:37.73,46.2 1 4
github.com/numaestra/numaestra/pkg/s3/s3_client.go:58.105,61.16 2 3
github.com/numaestra/numaestra/pkg/s3/s3_client.go:61.16,63.3 1 1
github.com/numaestra/numaestra/pkg/s3/s3_client.go:64.2,67.74 2 2
github.com/numaestra/numaestra/pkg/s3/s3_client.go:67.74,69.3 1 1
github.com/numaestra/numaestra/pkg/s3/s3_client.go:72.2,73.23 2 1
github.com/numaestra/numaestra/pkg/s3/s3_client.go:78.93,80.16 2 3
github.com/numaestra/numaestra/pkg/s3/s3_client.go:80.16,82.3 1 0
github.com/numaestra/numaestra/pkg/s3/s3_client.go:83.2,84.16 2 3
github.com/numaestra/numaestra/pkg/s3/s3_client.go:84.16,86.3 1 0
github.com/numaestra/numaestra/pkg/s3/s3_client.go:87.2,87.38 1 3
github.com/numaestra/numaestra/pkg/s3/s3_client.go:87.38,90.3 2 1
github.com/numaestra/numaestra/pkg/s3/s3_client.go:91.2,91.43 1 2
github.com/numaestra/numaestra/pkg/s3/s3_client.go:101.111,109.23 6 2
github.com/numaestra/numaestra/pkg/s3/s3_client.go:109.23,111.17 2 0
github.com/numaestra/numaestra/pkg/s3/s3_client.go:111.17,113.4 1 0
github.com/numaestra/numaestra/pkg/s3/s3_client.go:114.3,115.35 2 0
github.com/numaestra/numaestra/pkg/s3/s3_client.go:118.2,119.16 2 2
github.com/numaestra/numaestra/pkg/s3/s3_client.go:119.16,121.3 1 0
github.com/numaestra/numaestra/pkg/s3/s3_client.go:123.2,133.16 8 2
github.com/numaestra/numaestra/pkg/s3/s3_client.go:133.16,135.3 1 0
github.com/numaestra/numaestra/pkg/s3/s3_client.go:136.2,138.79 2 2
github.com/numaestra/numaestra/pkg/s3/s3_client.go:138.79,141.3 2 1
github.com/numaestra/numaestra/pkg/s3/s3_client.go:142.2,142.12 1 1
github.com/numaestra/numaestra/pkg/s3/s3_client.go:147.91,151.24 3 4
github.com/numaestra/numaestra/pkg/s3/s3_client.go:151.24,153.3 1 0
github.com/numaestra/numaestra/pkg/s3/s3_client.go:155.2,190.3 8 4
github.com/numaestra/numaestra/pkg/s3/s3_client.go:193.76,198.2 4 4
github.com/numaestra/numaestra/pkg/s3/s3_client.go:200.42,204.2 3 20
github.com/numaestra/numaestra/pkg/s3/s3_client.go:206.36,209.2 2 4
github.com/numaestra/numaestra/pkg/robokassa/robokassa.go:42.75,51.2 1 15
github.com/numaestra/numaestra/pkg/robokassa/robokassa.go:57.84,62.14 4 5
github.com/numaestra/numaestra/pkg/robokassa/robokassa.go:62.14,64.3 1 1
github.com/numaestra/numaestra/pkg/robokassa/robokassa.go:66.2,74.47 8 5
github.com/numaestra/numaestra/pkg/robokassa/robokassa.go:80.70,88.2 3 7
github.com/numaestra/numaestra/pkg/robokassa/robokassa.go:94.47,96.23 2 14
github.com/numaestra/numaestra/pkg/robokassa/robokassa.go:96.23,99.3 2 1
github.com/numaestra/numaestra/pkg/robokassa/robokassa.go:100.2,100.77 1 14
github.com/numaestra/numaestra/pkg/robokassa/robokassa.go:106.55,108.13 2 19
github.com/numaestra/numaestra/pkg/robokassa/robokassa.go:108.13,110.3 1 1
github.com/numaestra/numaestra/pkg/robokassa/robokassa.go:112.2,113.18 2 18
github.com/numaestra/numaestra/pkg/robokassa/robokassa.go:113.18,115.3 1 1
github.com/numaestra/numaestra/pkg/robokassa/robokassa.go:117.2,118.27 2 18
github.com/numaestra/numaestra/pkg/robokassa/robokassa.go:118.27,120.3 1 1
github.com/numaestra/numaestra/pkg/robokassa/robokassa.go:122.2,123.17 2 17
github.com/numaestra/numaestra/pkg/robokassa/robokassa.go:123.17,124.22 1 16
github.com/numaestra/numaestra/pkg/robokassa/robokassa.go:125.10,126.11 1 1
github.com/numaestra/numaestra/pkg/robokassa/robokassa.go:127.10,129.28 2 1
github.com/numaestra/numaestra/pkg/robokassa/robokassa.go:129.28,131.5 1 0
github.com/numaestra/numaestra/pkg/robokassa/robokassa.go:132.4,132.16 1 1
github.com/numaestra/numaestra/pkg/robokassa/robokassa.go:133.10,135.28 2 13
github.com/numaestra/numaestra/pkg/robokassa/robokassa.go:135.28,137.5 1 1
github.com/numaestra/numaestra/pkg/robokassa/robokassa.go:138.4,138.11 1 12
github.com/numaestra/numaestra/pkg/robokassa/robokassa.go:139.11,140.117 1 1
github.com/numaestra/numaestra/pkg/robokassa/robokassa.go:144.2,144.27 1 15
github.com/numaestra/numaestra/pkg/robokassa/robokassa.go:151.80,162.16 9 5
github.com/numaestra/numaestra/pkg/robokassa/robokassa.go:162.16,164.3 1 0
github.com/numaestra/numaestra/pkg/robokassa/robokassa.go:165.2,168.16 3 5
github.com/numaestra/numaestra/pkg/robokassa/robokassa.go:168.16,170.3 1 1
github.com/numaestra/numaestra/pkg/robokassa/robokassa.go:171.2,174.38 3 4
github.com/numaestra/numaestra/pkg/robokassa/robokassa.go:174.38,176.3 1 1
github.com/numaestra/numaestra/pkg/robokassa/robokassa.go:179.2,180.39 2 3
github.com/numaestra/numaestra/pkg/robokassa/robokassa.go:180.39,182.3 1 1
github.com/numaestra/numaestra/pkg/robokassa/robokassa.go:183.2,183.12 1 2
github.com/numaestra/numaestra/pkg/robokassa/robokassa.go:188.59,191.2 2 6
github.com/numaestra/numaestra/pkg/robokassa/robokassa.go:195.59,198.2 2 11
github.com/numaestra/numaestra/pkg/robokassa/robokassa.go:200.32,203.2 2 22
github.com/numaestra/numaestra/internal/usecase/admin_usecase.go:34.17,41.2 1 12
github.com/numaestra/numaestra/internal/usecase/admin_usecase.go:46.137,48.16 2 2
github.com/numaestra/numaestra/internal/usecase/admin_usecase.go:48.16,50.3 1 0
github.com/numaestra/numaestra/internal/usecase/admin_usecase.go:51.2,51.23 1 2
github.com/numaestra/numaestra/internal/usecase/admin_usecase.go:51.23,52.66 1 1
github.com/numaestra/numaestra/internal/usecase/admin_usecase.go:52.66,54.4 1 0
github.com/numaestra/numaestra/internal/usecase/admin_usecase.go:56.2,56.56 1 2
github.com/numaestra/numaestra/internal/usecase/admin_usecase.go:56.56,58.3 1 0
github.com/numaestra/numaestra/internal/usecase/admin_usecase.go:59.2,60.17 2 2
github.com/numaestra/numaestra/internal/usecase/admin_usecase.go:64.90,66.16 2 1
github.com/numaestra/numaestra/internal/usecase/admin_usecase.go:66.16,68.3 1 0
github.com/numaestra/numaestra/internal/usecase/admin_usecase.go:69.2,69.22 1 1
github.com/numaestra/numaestra/internal/usecase/admin_usecase.go:73.112,74.16 1 2
github.com/numaestra/numaestra/internal/usecase/admin_usecase.go:75.125,75.125 0 1
github.com/numaestra/numaestra/internal/usecase/admin_usecase.go:77.10,78.115 1 1
github.com/numaestra/numaestra/internal/usecase/admin_usecase.go:80.2,80.66 1 1
github.com/numaestra/numaestra/internal/usecase/admin_usecase.go:80.66,82.3 1 0
github.com/numaestra/numaestra/internal/usecase/admin_usecase.go:83.2,84.12 2 1
github.com/numaestra/numaestra/internal/usecase/admin_usecase.go:89.106,90.14 1 2
github.com/numaestra/numaestra/internal/usecase/admin_usecase.go:90.14,92.3 1 1
github.com/numaestra/numaestra/internal/usecase/admin_usecase.go:93.2,93.34 1 2
github.com/numaestra/numaestra/internal/usecase/admin_usecase.go:93.34,95.3 1 1
github.com/numaestra/numaestra/internal/usecase/admin_usecase.go:96.2,99.16 3 2
github.com/numaestra/numaestra/internal/usecase/admin_usecase.go:99.16,101.3 1 0
github.com/numaestra/numaestra/internal/usecase/admin_usecase.go:103.2,104.16 2 2
github.com/numaestra/numaestra/internal/usecase/admin_usecase.go:104.16,106.3 1 0
github.com/numaestra/numaestra/internal/usecase/admin_usecase.go:107.2,107.27 1 2
github.com/numaestra/numaestra/internal/usecase/admin_usecase.go:111.92,113.16 2 2
github.com/numaestra/numaestra/internal/usecase/admin_usecase.go:113.16,115.3 1 1
github.com/numaestra/numaestra/internal/usecase/admin_usecase.go:116.2,116.19 1 1
github.com/numaestra/numaestra/internal/usecase/admin_usecase.go:122.83,124.16 2 3
github.com/numaestra/numaestra/internal/usecase/admin_usecase.go:124.16,126.3 1 0
github.com/numaestra/numaestra/internal/usecase/admin_usecase.go:128.2,128.55 1 3
github.com/numaestra/numaestra/internal/usecase/admin_usecase.go:128.55,130.3 1 1
github.com/numaestra/numaestra/internal/usecase/admin_usecase.go:132.2,133.69 2 2
github.com/numaestra/numaestra/internal/usecase/admin_usecase.go:133.69,135.3 1 1
github.com/numaestra/numaestra/internal/usecase/admin_usecase.go:137.2,137.45 1 1
github.com/numaestra/numaestra/internal/usecase/admin_usecase.go:137.45,139.3 1 0
github.com/numaestra/numaestra/internal/usecase/admin_usecase.go:141.2,141.56 1 1
github.com/numaestra/numaestra/internal/usecase/admin_usecase.go:141.56,143.3 1 0
github.com/numaestra/numaestra/internal/usecase/admin_usecase.go:145.2,146.12 2 1
github.com/numaestra/numaestra/internal/usecase/order_usecase.go:65.17,79.2 1 29
github.com/numaestra/numaestra/internal/usecase/order_usecase.go:84.122,85.55 1 6
github.com/numaestra/numaestra/internal/usecase/order_usecase.go:85.55,86.57 1 6
github.com/numaestra/numaestra/internal/usecase/order_usecase.go:86.57,88.4 1 0
github.com/numaestra/numaestra/internal/usecase/order_usecase.go:89.3,89.57 1 6
github.com/numaestra/numaestra/internal/usecase/order_usecase.go:89.57,91.4 1 0
github.com/numaestra/numaestra/internal/usecase/order_usecase.go:92.3,92.13 1 6
github.com/numaestra/numaestra/internal/usecase/order_usecase.go:103.154,106.17 1 26
github.com/numaestra/numaestra/internal/usecase/order_usecase.go:106.17,107.53 1 24
github.com/numaestra/numaestra/internal/usecase/order_usecase.go:107.53,109.4 1 1
github.com/numaestra/numaestra/internal/usecase/order_usecase.go:114.2,115.16 2 25
github.com/numaestra/numaestra/internal/usecase/order_usecase.go:115.16,117.3 1 1
github.com/numaestra/numaestra/internal/usecase/order_usecase.go:121.2,122.16 2 24
github.com/numaestra/numaestra/internal/usecase/order_usecase.go:122.16,124.3 1 0
github.com/numaestra/numaestra/internal/usecase/order_usecase.go:129.2,130.42 2 24
github.com/numaestra/numaestra/internal/usecase/order_usecase.go:130.42,132.17 2 0
github.com/numaestra/numaestra/internal/usecase/order_usecase.go:132.17,138.4 3 0
github.com/numaestra/numaestra/internal/usecase/order_usecase.go:141.2,142.16 2 24
github.com/numaestra/numaestra/internal/usecase/order_usecase.go:142.16,144.3 1 1
github.com/numaestra/numaestra/internal/usecase/order_usecase.go:146.2,146.56 1 23
github.com/numaestra/numaestra/internal/usecase/order_usecase.go:146.56,148.3 1 1
github.com/numaestra/numaestra/internal/usecase/order_usecase.go:150.2,152.19 3 22
github.com/numaestra/numaestra/internal/usecase/order_usecase.go:155.109,157.16 2 15
github.com/numaestra/numaestra/internal/usecase/order_usecase.go:157.16,159.3 1 1
github.com/numaestra/numaestra/internal/usecase/order_usecase.go:164.2,164.55 1 14
github.com/numaestra/numaestra/internal/usecase/order_usecase.go:164.55,168.3 2 1
github.com/numaestra/numaestra/internal/usecase/order_usecase.go:172.2,172.42 1 13
github.com/numaestra/numaestra/internal/usecase/order_usecase.go:172.42,177.3 2 1
github.com/numaestra/numaestra/internal/usecase/order_usecase.go:179.2,179.41 1 12
github.com/numaestra/numaestra/internal/usecase/order_usecase.go:179.41,181.3 1 0
github.com/numaestra/numaestra/internal/usecase/order_usecase.go:183.2,183.40 1 12
github.com/numaestra/numaestra/internal/usecase/order_usecase.go:183.40,185.3 1 0
github.com/numaestra/numaestra/internal/usecase/order_usecase.go:191.2,192.16 2 12
github.com/numaestra/numaestra/internal/usecase/order_usecase.go:192.16,194.3 1 0
github.com/numaestra/numaestra/internal/usecase/order_usecase.go:195.2,195.14 1 12
github.com/numaestra/numaestra/internal/usecase/order_usecase.go:195.14,199.3 2 0
github.com/numaestra/numaestra/internal/usecase/order_usecase.go:201.2,201.72 1 12
github.com/numaestra/numaestra/internal/usecase/order_usecase.go:201.72,204.3 2 0
github.com/numaestra/numaestra/internal/usecase/order_usecase.go:206.2,208.12 3 12
github.com/numaestra/numaestra/internal/usecase/order_usecase.go:215.93,217.16 2 5
github.com/numaestra/numaestra/internal/usecase/order_usecase.go:217.16,219.3 1 0
github.com/numaestra/numaestra/internal/usecase/order_usecase.go:221.2,221.63 1 5
github.com/numaestra/numaestra/internal/usecase/order_usecase.go:221.63,224.3 2 1
github.com/numaestra/numaestra/internal/usecase/order_usecase.go:227.2,228.16 2 4
github.com/numaestra/numaestra/internal/usecase/order_usecase.go:228.16,229.51 1 1
github.com/numaestra/numaestra/internal/usecase/order_usecase.go:229.51,232.4 2 1
github.com/numaestra/numaestra/internal/usecase/order_usecase.go:233.3,233.77 1 0
github.com/numaestra/numaestra/internal/usecase/order_usecase.go:237.2,237.60 1 3
github.com/numaestra/numaestra/internal/usecase/order_usecase.go:237.60,239.3 1 0
github.com/numaestra/numaestra/internal/usecase/order_usecase.go:240.2,247.30 3 3
github.com/numaestra/numaestra/internal/usecase/order_usecase.go:247.30,250.3 2 0
github.com/numaestra/numaestra/internal/usecase/order_usecase.go:250.8,259.17 4 3
github.com/numaestra/numaestra/internal/usecase/order_usecase.go:259.17,268.78 6 1
github.com/numaestra/numaestra/internal/usecase/order_usecase.go:268.78,270.5 1 0
github.com/numaestra/numaestra/internal/usecase/order_usecase.go:271.4,271.90 1 1
github.com/numaestra/numaestra/internal/usecase/order_usecase.go:273.3,273.68 1 2
github.com/numaestra/numaestra/internal/usecase/order_usecase.go:277.2,284.16 3 2
github.com/numaestra/numaestra/internal/usecase/order_usecase.go:284.16,294.77 7 1
github.com/numaestra/numaestra/internal/usecase/order_usecase.go:294.77,297.4 1 0
github.com/numaestra/numaestra/internal/usecase/order_usecase.go:298.3,298.62 1 1
github.com/numaestra/numaestra/internal/usecase/order_usecase.go:306.2,306.68 1 1
github.com/numaestra/numaestra/internal/usecase/order_usecase.go:306.68,310.3 1 0
github.com/numaestra/numaestra/internal/usecase/order_usecase.go:312.2,312.84 1 1
github.com/numaestra/numaestra/internal/usecase/order_usecase.go:312.84,314.3 1 0
github.com/numaestra/numaestra/internal/usecase/order_usecase.go:316.2,317.12 2 1
github.com/numaestra/numaestra/internal/usecase/order_usecase.go:320.115,322.16 2 4
github.com/numaestra/numaestra/internal/usecase/order_usecase.go:322.16,324.3 1 0
github.com/numaestra/numaestra/internal/usecase/order_usecase.go:326.2,326.67 1 4
github.com/numaestra/numaestra/internal/usecase/order_usecase.go:326.67,328.3 1 0
github.com/numaestra/numaestra/internal/usecase/order_usecase.go:330.2,331.16 2 4
github.com/numaestra/numaestra/internal/usecase/order_usecase.go:331.16,333.3 1 0
github.com/numaestra/numaestra/internal/usecase/order_usecase.go:335.2,335.114 1 4
github.com/numaestra/numaestra/internal/usecase/order_usecase.go:335.114,337.3 1 1
github.com/numaestra/numaestra/internal/usecase/order_usecase.go:339.2,340.16 2 3
github.com/numaestra/numaestra/internal/usecase/order_usecase.go:340.16,342.3 1 0
github.com/numaestra/numaestra/internal/usecase/order_usecase.go:344.2,344.23 1 3
github.com/numaestra/numaestra/internal/usecase/order_usecase.go:345.42,348.34 3 1
github.com/numaestra/numaestra/internal/usecase/order_usecase.go:349.45,351.36 2 2
github.com/numaestra/numaestra/internal/usecase/order_usecase.go:351.36,360.24 3 3
github.com/numaestra/numaestra/internal/usecase/order_usecase.go:360.24,364.5 2 1
github.com/numaestra/numaestra/internal/usecase/order_usecase.go:365.4,371.6 1 2
github.com/numaestra/numaestra/internal/usecase/order_usecase.go:374.3,374.54 1 1
github.com/numaestra/numaestra/internal/usecase/order_usecase.go:374.54,376.4 1 0
github.com/numaestra/numaestra/internal/usecase/order_usecase.go:378.3,382.34 5 1
github.com/numaestra/numaestra/internal/usecase/order_usecase.go:388.2,388.68 1 2
github.com/numaestra/numaestra/internal/usecase/order_usecase.go:388.68,390.3 1 0
github.com/numaestra/numaestra/internal/usecase/order_usecase.go:394.2,394.60 1 2
github.com/numaestra/numaestra/internal/usecase/order_usecase.go:394.60,396.36 2 1
github.com/numaestra/numaestra/internal/usecase/order_usecase.go:396.36,398.4 1 2
github.com/numaestra/numaestra/internal/usecase/order_usecase.go:399.3,405.24 1 1
github.com/numaestra/numaestra/internal/usecase/order_usecase.go:405.24,407.4 1 0
github.com/numaestra/numaestra/internal/usecase/order_usecase.go:410.2,411.12 2 2
github.com/numaestra/numaestra/internal/usecase/order_usecase.go:418.101,420.16 2 2
github.com/numaestra/numaestra/internal/usecase/order_usecase.go:420.16,422.3 1 0
github.com/numaestra/numaestra/internal/usecase/order_usecase.go:424.2,424.34 1 2
github.com/numaestra/numaestra/internal/usecase/order_usecase.go:425.71,427.13 1 1
github.com/numaestra/numaestra/internal/usecase/order_usecase.go:430.2,430.43 1 1
github.com/numaestra/numaestra/internal/usecase/order_usecase.go:430.43,432.3 1 0
github.com/numaestra/numaestra/internal/usecase/order_usecase.go:433.2,437.62 2 1
github.com/numaestra/numaestra/internal/usecase/order_usecase.go:437.62,439.17 2 1
github.com/numaestra/numaestra/internal/usecase/order_usecase.go:439.17,443.64 2 0
github.com/numaestra/numaestra/internal/usecase/order_usecase.go:443.64,445.5 1 0
github.com/numaestra/numaestra/internal/usecase/order_usecase.go:446.4,446.14 1 0
github.com/numaestra/numaestra/internal/usecase/order_usecase.go:448.3,450.69 3 1
github.com/numaestra/numaestra/internal/usecase/order_usecase.go:450.69,452.4 1 0
github.com/numaestra/numaestra/internal/usecase/order_usecase.go:453.3,455.13 2 1
github.com/numaestra/numaestra/internal/usecase/order_usecase.go:458.2,458.56 1 0
github.com/numaestra/numaestra/internal/usecase/order_usecase.go:458.56,460.3 1 0
github.com/numaestra/numaestra/internal/usecase/order_usecase.go:461.2,462.12 2 0
github.com/numaestra/numaestra/internal/usecase/order_usecase.go:465.92,467.16 2 2
github.com/numaestra/numaestra/internal/usecase/order_usecase.go:467.16,469.3 1 1
github.com/numaestra/numaestra/internal/usecase/order_usecase.go:470.2,470.19 1 1
github.com/numaestra/numaestra/internal/usecase/order_usecase.go:473.122,474.17 1 2
github.com/numaestra/numaestra/internal/usecase/order_usecase.go:474.17,476.3 1 1
github.com/numaestra/numaestra/internal/usecase/order_usecase.go:477.2,478.16 2 1
github.com/numaestra/numaestra/internal/usecase/order_usecase.go:478.16,480.3 1 0
github.com/numaestra/numaestra/internal/usecase/order_usecase.go:481.2,481.20 1 1
github.com/numaestra/numaestra/internal/usecase/order_usecase.go:484.122,485.17 1 2
github.com/numaestra/numaestra/internal/usecase/order_usecase.go:485.17,487.3 1 1
github.com/numaestra/numaestra/internal/usecase/order_usecase.go:488.2,489.16 2 1
github.com/numaestra/numaestra/internal/usecase/order_usecase.go:489.16,491.3 1 0
github.com/numaestra/numaestra/internal/usecase/order_usecase.go:492.2,492.20 1 1
github.com/numaestra/numaestra/internal/usecase/order_usecase.go:495.99,496.17 1 2
github.com/numaestra/numaestra/internal/usecase/order_usecase.go:496.17,498.3 1 1
github.com/numaestra/numaestra/internal/usecase/order_usecase.go:499.2,500.16 2 1
github.com/numaestra/numaestra/internal/usecase/order_usecase.go:500.16,502.3 1 0
github.com/numaestra/numaestra/internal/usecase/order_usecase.go:503.2,503.19 1 1
github.com/numaestra/numaestra/internal/usecase/pricing.go:28.82,30.2 1 32
github.com/numaestra/numaestra/internal/usecase/pricing.go:32.62,33.16 1 30
github.com/numaestra/numaestra/internal/usecase/pricing.go:33.16,35.3 1 2
github.com/numaestra/numaestra/internal/usecase/pricing.go:36.2,37.9 2 30
github.com/numaestra/numaestra/internal/usecase/pricing.go:37.9,39.3 1 2
github.com/numaestra/numaestra/internal/usecase/pricing.go:40.2,40.18 1 28
github.com/numaestra/numaestra/internal/usecase/pricing.go:40.18,42.3 1 1
github.com/numaestra/numaestra/internal/usecase/pricing.go:43.2,43.21 1 27
github.com/numaestra/numaestra/internal/usecase/prompt_usecase.go:35.78,37.2 1 9
github.com/numaestra/numaestra/internal/usecase/prompt_usecase.go:41.44,43.2 1 0
github.com/numaestra/numaestra/internal/usecase/prompt_usecase.go:47.92,49.75 2 6
github.com/numaestra/numaestra/internal/usecase/prompt_usecase.go:49.75,53.3 3 1
github.com/numaestra/numaestra/internal/usecase/prompt_usecase.go:54.2,58.16 3 5
github.com/numaestra/numaestra/internal/usecase/prompt_usecase.go:58.16,60.3 1 1
github.com/numaestra/numaestra/internal/usecase/prompt_usecase.go:62.2,67.24 5 4
github.com/numaestra/numaestra/internal/usecase/prompt_usecase.go:71.102,73.2 1 2
github.com/numaestra/numaestra/internal/usecase/prompt_usecase.go:78.130,80.16 2 3
github.com/numaestra/numaestra/internal/usecase/prompt_usecase.go:80.16,82.3 1 1
github.com/numaestra/numaestra/internal/usecase/prompt_usecase.go:84.2,85.38 2 2
github.com/numaestra/numaestra/internal/usecase/prompt_usecase.go:85.38,88.3 2 4
github.com/numaestra/numaestra/internal/usecase/prompt_usecase.go:90.2,90.25 1 2
github.com/numaestra/numaestra/pkg/notify/notify.go:37.52,39.2 1 2
github.com/numaestra/numaestra/pkg/notify/notify.go:41.108,49.2 2 1
github.com/numaestra/numaestra/pkg/notify/smtp_notifier.go:30.98,39.2 1 10
github.com/numaestra/numaestra/pkg/notify/smtp_notifier.go:41.102,42.23 1 4
github.com/numaestra/numaestra/pkg/notify/smtp_notifier.go:42.23,44.3 1 1
github.com/numaestra/numaestra/pkg/notify/smtp_notifier.go:46.2,54.19 7 3
github.com/numaestra/numaestra/pkg/notify/smtp_notifier.go:54.19,56.3 1 2
github.com/numaestra/numaestra/pkg/notify/smtp_notifier.go:56.8,58.3 1 1
github.com/numaestra/numaestra/pkg/notify/smtp_notifier.go:59.2,59.16 1 3
github.com/numaestra/numaestra/pkg/notify/smtp_notifier.go:63.88,67.24 3 4
github.com/numaestra/numaestra/pkg/notify/smtp_notifier.go:67.24,70.17 2 1
github.com/numaestra/numaestra/pkg/notify/smtp_notifier.go:70.17,72.4 1 0
github.com/numaestra/numaestra/pkg/notify/smtp_notifier.go:73.8,75.17 2 3
github.com/numaestra/numaestra/pkg/notify/smtp_notifier.go:75.17,77.4 1 2
github.com/numaestra/numaestra/pkg/notify/smtp_notifier.go:78.3,79.48 2 1
github.com/numaestra/numaestra/pkg/notify/smtp_notifier.go:79.48,81.4 1 1
github.com/numaestra/numaestra/pkg/notify/smtp_notifier.go:83.2,84.48 2 1
github.com/numaestra/numaestra/pkg/notify/smtp_notifier.go:88.91,91.16 3 2
github.com/numaestra/numaestra/pkg/notify/smtp_notifier.go:91.16,93.3 1 2
github.com/numaestra/numaestra/pkg/notify/smtp_notifier.go:94.2,97.16 3 0
github.com/numaestra/numaestra/pkg/notify/smtp_notifier.go:97.16,99.3 1 0
github.com/numaestra/numaestra/pkg/notify/smtp_notifier.go:100.2,102.48 2 0
github.com/numaestra/numaestra/pkg/notify/smtp_notifier.go:105.98,106.42 1 4
github.com/numaestra/numaestra/pkg/notify/smtp_notifier.go:106.42,108.3 1 1
github.com/numaestra/numaestra/pkg/notify/smtp_notifier.go:109.2,109.44 1 3
github.com/numaestra/numaestra/pkg/notify/smtp_notifier.go:109.44,111.3 1 0
github.com/numaestra/numaestra/pkg/notify/smtp_notifier.go:112.2,112.40 1 3
github.com/numaestra/numaestra/pkg/notify/smtp_notifier.go:112.40,114.3 1 1
github.com/numaestra/numaestra/pkg/notify/smtp_notifier.go:115.2,116.16 2 2
github.com/numaestra/numaestra/pkg/notify/smtp_notifier.go:116.16,118.3 1 0
github.com/numaestra/numaestra/pkg/notify/smtp_notifier.go:119.2,120.46 2 2
github.com/numaestra/numaestra/pkg/notify/smtp_notifier.go:120.46,122.3 1 0
github.com/numaestra/numaestra/pkg/notify/smtp_notifier.go:123.2,123.12 1 2
github.com/numaestra/numaestra/pkg/notify/smtp_notifier.go:127.74,129.38 2 4
github.com/numaestra/numaestra/pkg/notify/smtp_notifier.go:129.38,134.3 1 3
github.com/numaestra/numaestra/pkg/notify/smtp_notifier.go:136.2,187.3 1 4
github.com/numaestra/numaestra/pkg/notify/smtp_notifier.go:190.44,192.2 1 4
github.com/numaestra/numaestra/pkg/notify/smtp_notifier.go:195.76,197.20 2 4
github.com/numaestra/numaestra/pkg/notify/smtp_notifier.go:197.20,199.3 1 4
github.com/numaestra/numaestra/pkg/notify/smtp_notifier.go:201.2,209.20 9 4
github.com/numaestra/numaestra/pkg/openai/circuit_breaker.go:19.61,24.2 1 1
github.com/numaestra/numaestra/pkg/openai/circuit_breaker.go:26.89,28.35 2 6
github.com/numaestra/numaestra/pkg/openai/circuit_breaker.go:28.35,32.3 3 5
github.com/numaestra/numaestra/pkg/openai/circuit_breaker.go:33.2,33.20 1 6
github.com/numaestra/numaestra/pkg/openai/client.go:24.50,25.19 1 5
github.com/numaestra/numaestra/pkg/openai/client.go:25.19,27.3 1 1
github.com/numaestra/numaestra/pkg/openai/client.go:28.2,32.3 1 5
github.com/numaestra/numaestra/pkg/openai/client.go:51.88,68.16 3 3
github.com/numaestra/numaestra/pkg/openai/client.go:68.16,70.3 1 0
github.com/numaestra/numaestra/pkg/openai/client.go:72.2,74.16 3 3
github.com/numaestra/numaestra/pkg/openai/client.go:74.16,76.3 1 0
github.com/numaestra/numaestra/pkg/openai/client.go:78.2,86.16 6 3
github.com/numaestra/numaestra/pkg/openai/client.go:86.16,88.3 1 0
github.com/numaestra/numaestra/pkg/openai/client.go:89.2,91.38 2 3
github.com/numaestra/numaestra/pkg/openai/client.go:91.38,94.3 2 1
github.com/numaestra/numaestra/pkg/openai/client.go:96.2,97.69 2 2
github.com/numaestra/numaestra/pkg/openai/client.go:97.69,99.3 1 0
github.com/numaestra/numaestra/pkg/openai/client.go:101.2,101.32 1 2
github.com/numaestra/numaestra/pkg/openai/client.go:101.32,103.3 1 1
github.com/numaestra/numaestra/pkg/openai/client.go:105.2,105.49 1 1
github.com/numaestra/numaestra/pkg/idempotency/store.go:43.41,45.2 1 5
github.com/numaestra/numaestra/pkg/idempotency/store.go:47.70,49.31 2 4
github.com/numaestra/numaestra/pkg/idempotency/store.go:49.31,51.3 1 2
github.com/numaestra/numaestra/pkg/idempotency/store.go:52.2,52.16 1 2
github.com/numaestra/numaestra/pkg/idempotency/store.go:52.16,54.3 1 0
github.com/numaestra/numaestra/pkg/idempotency/store.go:55.2,56.48 2 2
github.com/numaestra/numaestra/pkg/idempotency/store.go:56.48,58.3 1 0
github.com/numaestra/numaestra/pkg/idempotency/store.go:59.2,59.16 1 2
github.com/numaestra/numaestra/pkg/idempotency/store.go:64.64,66.16 2 5
github.com/numaestra/numaestra/pkg/idempotency/store.go:66.16,68.3 1 0
github.com/numaestra/numaestra/pkg/idempotency/store.go:69.2,69.9 1 5
github.com/numaestra/numaestra/pkg/idempotency/store.go:69.9,71.3 1 1
github.com/numaestra/numaestra/pkg/idempotency/store.go:72.2,72.12 1 4
github.com/numaestra/numaestra/pkg/idempotency/store.go:76.74,78.16 2 2
github.com/numaestra/numaestra/pkg/idempotency/store.go:78.16,80.3 1 0
github.com/numaestra/numaestra/pkg/idempotency/store.go:81.2,81.61 1 2
github.com/numaestra/numaestra/pkg/idempotency/store.go:84.63,86.2 1 1
github.com/numaestra/numaestra/internal/delivery/http/admin_handler.go:23.80,25.2 1 12
github.com/numaestra/numaestra/internal/delivery/http/admin_handler.go:27.44,31.42 3 12
github.com/numaestra/numaestra/internal/delivery/http/admin_handler.go:31.42,35.3 3 12
github.com/numaestra/numaestra/internal/delivery/http/admin_handler.go:37.2,37.40 1 12
github.com/numaestra/numaestra/internal/delivery/http/admin_handler.go:37.40,41.3 3 12
github.com/numaestra/numaestra/internal/delivery/http/admin_handler.go:43.2,43.10 1 12
github.com/numaestra/numaestra/internal/delivery/http/admin_handler.go:64.65,74.2 1 1
github.com/numaestra/numaestra/internal/delivery/http/admin_handler.go:98.63,101.32 3 3
github.com/numaestra/numaestra/internal/delivery/http/admin_handler.go:101.32,103.3 1 0
github.com/numaestra/numaestra/internal/delivery/http/admin_handler.go:104.2,115.3 1 3
github.com/numaestra/numaestra/internal/delivery/http/admin_handler.go:120.77,122.16 2 2
github.com/numaestra/numaestra/internal/delivery/http/admin_handler.go:122.16,126.3 3 0
github.com/numaestra/numaestra/internal/delivery/http/admin_handler.go:128.2,129.31 2 2
github.com/numaestra/numaestra/internal/delivery/http/admin_handler.go:129.31,131.3 1 0
github.com/numaestra/numaestra/internal/delivery/http/admin_handler.go:132.2,132.37 1 2
github.com/numaestra/numaestra/internal/delivery/http/admin_handler.go:135.75,137.61 2 2
github.com/numaestra/numaestra/internal/delivery/http/admin_handler.go:137.61,140.3 2 0
github.com/numaestra/numaestra/internal/delivery/http/admin_handler.go:141.2,141.42 1 2
github.com/numaestra/numaestra/internal/delivery/http/admin_handler.go:141.42,144.3 2 1
github.com/numaestra/numaestra/internal/delivery/http/admin_handler.go:146.2,147.16 2 1
github.com/numaestra/numaestra/internal/delivery/http/admin_handler.go:147.16,151.3 3 0
github.com/numaestra/numaestra/internal/delivery/http/admin_handler.go:152.2,152.60 1 1
github.com/numaestra/numaestra/internal/delivery/http/admin_handler.go:155.81,158.16 3 2
github.com/numaestra/numaestra/internal/delivery/http/admin_handler.go:158.16,161.3 2 1
github.com/numaestra/numaestra/internal/delivery/http/admin_handler.go:163.2,164.61 2 1
github.com/numaestra/numaestra/internal/delivery/http/admin_handler.go:164.61,167.3 2 0
github.com/numaestra/numaestra/internal/delivery/http/admin_handler.go:169.2,169.97 1 1
github.com/numaestra/numaestra/internal/delivery/http/admin_handler.go:169.97,170.48 1 1
github.com/numaestra/numaestra/internal/delivery/http/admin_handler.go:170.48,173.4 2 1
github.com/numaestra/numaestra/internal/delivery/http/admin_handler.go:174.3,176.9 3 0
github.com/numaestra/numaestra/internal/delivery/http/admin_handler.go:178.2,178.37 1 0
github.com/numaestra/numaestra/internal/delivery/http/admin_handler.go:181.75,186.16 4 1
github.com/numaestra/numaestra/internal/delivery/http/admin_handler.go:186.16,190.3 3 0
github.com/numaestra/numaestra/internal/delivery/http/admin_handler.go:192.2,193.27 2 1
github.com/numaestra/numaestra/internal/delivery/http/admin_handler.go:193.27,195.3 1 2
github.com/numaestra/numaestra/internal/delivery/http/admin_handler.go:196.2,199.4 1 1
github.com/numaestra/numaestra/internal/delivery/http/admin_handler.go:202.73,205.16 3 2
github.com/numaestra/numaestra/internal/delivery/http/admin_handler.go:205.16,208.3 2 0
github.com/numaestra/numaestra/internal/delivery/http/admin_handler.go:210.2,211.16 2 2
github.com/numaestra/numaestra/internal/delivery/http/admin_handler.go:211.16,212.46 1 1
github.com/numaestra/numaestra/internal/delivery/http/admin_handler.go:212.46,215.4 2 1
github.com/numaestra/numaestra/internal/delivery/http/admin_handler.go:216.3,218.9 3 0
github.com/numaestra/numaestra/internal/delivery/http/admin_handler.go:220.2,220.60 1 1
github.com/numaestra/numaestra/internal/delivery/http/admin_handler.go:225.76,228.16 3 2
github.com/numaestra/numaestra/internal/delivery/http/admin_handler.go:228.16,231.3 2 0
github.com/numaestra/numaestra/internal/delivery/http/admin_handler.go:233.2,233.58 1 2
github.com/numaestra/numaestra/internal/delivery/http/admin_handler.go:233.58,234.46 1 1
github.com/numaestra/numaestra/internal/delivery/http/admin_handler.go:234.46,237.4 2 0
github.com/numaestra/numaestra/internal/delivery/http/admin_handler.go:238.3,240.9 3 1
github.com/numaestra/numaestra/internal/delivery/http/admin_handler.go:242.2,242.37 1 1
github.com/numaestra/numaestra/internal/delivery/http/admin_middleware.go:13.62,14.46 1 2
github.com/numaestra/numaestra/internal/delivery/http/admin_middleware.go:14.46,15.72 1 6
github.com/numaestra/numaestra/internal/delivery/http/admin_middleware.go:15.72,17.82 2 4
github.com/numaestra/numaestra/internal/delivery/http/admin_middleware.go:17.82,20.5 2 3
github.com/numaestra/numaestra/internal/delivery/http/admin_middleware.go:21.4,21.24 1 1
github.com/numaestra/numaestra/internal/delivery/http/category_handler.go:16.92,21.2 1 5
github.com/numaestra/numaestra/internal/delivery/http/category_handler.go:24.47,34.2 5 5
github.com/numaestra/numaestra/internal/delivery/http/category_handler.go:36.80,38.16 2 3
github.com/numaestra/numaestra/internal/delivery/http/category_handler.go:38.16,42.3 3 1
github.com/numaestra/numaestra/internal/delivery/http/category_handler.go:45.2,46.43 2 2
github.com/numaestra/numaestra/internal/delivery/http/category_handler.go:49.83,52.16 3 2
github.com/numaestra/numaestra/internal/delivery/http/category_handler.go:52.16,56.3 3 1
github.com/numaestra/numaestra/internal/delivery/http/category_handler.go:58.2,58.41 1 1
github.com/numaestra/numaestra/internal/delivery/http/idempotency.go:19.86,20.46 1 7
github.com/numaestra/numaestra/internal/delivery/http/idempotency.go:20.46,21.72 1 7
github.com/numaestra/numaestra/internal/delivery/http/idempotency.go:21.72,23.17 2 10
github.com/numaestra/numaestra/internal/delivery/http/idempotency.go:23.17,26.5 2 1
github.com/numaestra/numaestra/internal/delivery/http/idempotency.go:28.4,31.18 3 9
github.com/numaestra/numaestra/internal/delivery/http/idempotency.go:31.18,32.29 1 4
github.com/numaestra/numaestra/internal/delivery/http/idempotency.go:32.29,39.6 5 3
github.com/numaestra/numaestra/internal/delivery/http/idempotency.go:41.5,42.11 2 1
github.com/numaestra/numaestra/internal/delivery/http/idempotency.go:45.4,45.38 1 5
github.com/numaestra/numaestra/internal/delivery/http/idempotency.go:45.38,49.5 2 1
github.com/numaestra/numaestra/internal/delivery/http/idempotency.go:52.4,52.52 1 4
github.com/numaestra/numaestra/internal/delivery/http/idempotency.go:52.52,53.40 1 0
github.com/numaestra/numaestra/internal/delivery/http/idempotency.go:53.40,56.6 2 0
github.com/numaestra/numaestra/internal/delivery/http/idempotency.go:58.5,59.11 2 0
github.com/numaestra/numaestra/internal/delivery/http/idempotency.go:63.4,67.23 3 4
github.com/numaestra/numaestra/internal/delivery/http/idempotency.go:67.23,69.5 1 0
github.com/numaestra/numaestra/internal/delivery/http/idempotency.go:71.4,71.45 1 4
github.com/numaestra/numaestra/internal/delivery/http/idempotency.go:71.45,76.5 1 3
github.com/numaestra/numaestra/internal/delivery/http/idempotency.go:76.10,78.5 1 1
github.com/numaestra/numaestra/internal/delivery/http/idempotency.go:90.51,93.2 2 4
github.com/numaestra/numaestra/internal/delivery/http/idempotency.go:95.58,98.2 2 4
github.com/numaestra/numaestra/internal/delivery/http/middleware.go:18.57,20.28 2 2
github.com/numaestra/numaestra/internal/delivery/http/middleware.go:20.28,22.14 2 3
github.com/numaestra/numaestra/internal/delivery/http/middleware.go:22.14,23.12 1 0
github.com/numaestra/numaestra/internal/delivery/http/middleware.go:25.3,25.31 1 3
github.com/numaestra/numaestra/internal/delivery/http/middleware.go:25.31,27.18 2 1
github.com/numaestra/numaestra/internal/delivery/http/middleware.go:27.18,29.5 1 0
github.com/numaestra/numaestra/internal/delivery/http/middleware.go:30.4,31.12 2 1
github.com/numaestra/numaestra/internal/delivery/http/middleware.go:33.3,34.16 2 2
github.com/numaestra/numaestra/internal/delivery/http/middleware.go:34.16,36.4 1 1
github.com/numaestra/numaestra/internal/delivery/http/middleware.go:37.3,38.22 2 1
github.com/numaestra/numaestra/internal/delivery/http/middleware.go:38.22,40.4 1 0
github.com/numaestra/numaestra/internal/delivery/http/middleware.go:41.3,41.74 1 1
github.com/numaestra/numaestra/internal/delivery/http/middleware.go:43.2,43.18 1 1
github.com/numaestra/numaestra/internal/delivery/http/middleware.go:51.72,52.46 1 17
github.com/numaestra/numaestra/internal/delivery/http/middleware.go:52.46,53.24 1 17
github.com/numaestra/numaestra/internal/delivery/http/middleware.go:53.24,55.4 1 16
github.com/numaestra/numaestra/internal/delivery/http/middleware.go:56.3,56.72 1 1
github.com/numaestra/numaestra/internal/delivery/http/middleware.go:56.72,58.17 2 3
github.com/numaestra/numaestra/internal/delivery/http/middleware.go:58.17,59.31 1 3
github.com/numaestra/numaestra/internal/delivery/http/middleware.go:59.31,60.24 1 5
github.com/numaestra/numaestra/internal/delivery/http/middleware.go:60.24,63.7 2 2
github.com/numaestra/numaestra/internal/delivery/http/middleware.go:66.4,66.77 1 1
github.com/numaestra/numaestra/internal/delivery/http/middleware.go:81.55,82.23 1 3
github.com/numaestra/numaestra/internal/delivery/http/middleware.go:82.23,84.3 1 1
github.com/numaestra/numaestra/internal/delivery/http/middleware.go:85.2,90.3 1 3
github.com/numaestra/numaestra/internal/delivery/http/middleware.go:94.61,100.40 5 3
github.com/numaestra/numaestra/internal/delivery/http/middleware.go:100.40,101.15 1 3
github.com/numaestra/numaestra/internal/delivery/http/middleware.go:101.15,103.9 2 1
github.com/numaestra/numaestra/internal/delivery/http/middleware.go:107.2,107.46 1 3
github.com/numaestra/numaestra/internal/delivery/http/middleware.go:107.46,108.72 1 3
github.com/numaestra/numaestra/internal/delivery/http/middleware.go:108.72,110.80 2 4
github.com/numaestra/numaestra/internal/delivery/http/middleware.go:110.80,111.17 1 3
github.com/numaestra/numaestra/internal/delivery/http/middleware.go:111.17,113.6 1 1
github.com/numaestra/numaestra/internal/delivery/http/middleware.go:113.11,117.6 2 2
github.com/numaestra/numaestra/internal/delivery/http/middleware.go:118.5,120.19 3 3
github.com/numaestra/numaestra/internal/delivery/http/middleware.go:120.19,122.6 1 3
github.com/numaestra/numaestra/internal/delivery/http/middleware.go:126.4,126.38 1 4
github.com/numaestra/numaestra/internal/delivery/http/middleware.go:126.38,129.5 2 1
github.com/numaestra/numaestra/internal/delivery/http/middleware.go:131.4,131.24 1 3
github.com/numaestra/numaestra/internal/delivery/http/middleware.go:136.58,137.28 1 3
github.com/numaestra/numaestra/internal/delivery/http/middleware.go:137.28,138.35 1 3
github.com/numaestra/numaestra/internal/delivery/http/middleware.go:138.35,140.4 1 2
github.com/numaestra/numaestra/internal/delivery/http/middleware.go:142.2,142.14 1 1
github.com/numaestra/numaestra/internal/delivery/http/middleware.go:145.25,146.12 1 3
github.com/numaestra/numaestra/internal/delivery/http/middleware.go:146.12,148.3 1 0
github.com/numaestra/numaestra/internal/delivery/http/middleware.go:149.2,150.9 2 3
github.com/numaestra/numaestra/internal/delivery/http/middleware.go:150.9,152.3 1 0
github.com/numaestra/numaestra/internal/delivery/http/middleware.go:153.2,155.12 3 3
github.com/numaestra/numaestra/internal/delivery/http/middleware.go:155.12,159.3 3 9
github.com/numaestra/numaestra/internal/delivery/http/middleware.go:160.2,160.9 1 3
github.com/numaestra/numaestra/internal/delivery/http/middleware.go:160.9,163.3 2 0
github.com/numaestra/numaestra/internal/delivery/http/middleware.go:164.2,164.24 1 3
github.com/numaestra/numaestra/internal/delivery/http/middleware.go:172.60,173.46 1 2
github.com/numaestra/numaestra/internal/delivery/http/middleware.go:173.46,174.72 1 2
github.com/numaestra/numaestra/internal/delivery/http/middleware.go:174.72,175.30 1 2
github.com/numaestra/numaestra/internal/delivery/http/middleware.go:175.30,177.5 1 2
github.com/numaestra/numaestra/internal/delivery/http/middleware.go:178.4,178.24 1 2
github.com/numaestra/numaestra/internal/delivery/http/middleware.go:202.74,211.46 2 49
github.com/numaestra/numaestra/internal/delivery/http/middleware.go:211.46,212.72 1 79
github.com/numaestra/numaestra/internal/delivery/http/middleware.go:212.72,213.30 1 39
github.com/numaestra/numaestra/internal/delivery/http/middleware.go:213.30,217.5 3 1
github.com/numaestra/numaestra/internal/delivery/http/middleware.go:218.4,218.24 1 38
github.com/numaestra/numaestra/internal/delivery/http/middleware.go:223.48,228.35 4 39
github.com/numaestra/numaestra/internal/delivery/http/middleware.go:228.35,229.32 1 0
github.com/numaestra/numaestra/internal/delivery/http/middleware.go:229.32,230.36 1 0
github.com/numaestra/numaestra/internal/delivery/http/middleware.go:230.36,232.5 1 0
github.com/numaestra/numaestra/internal/delivery/http/middleware.go:234.3,234.20 1 0
github.com/numaestra/numaestra/internal/delivery/http/middleware.go:237.2,238.9 2 39
github.com/numaestra/numaestra/internal/delivery/http/middleware.go:238.9,241.3 2 34
github.com/numaestra/numaestra/internal/delivery/http/middleware.go:242.2,243.27 2 39
github.com/numaestra/numaestra/internal/delivery/http/middleware.go:248.39,249.65 1 42
github.com/numaestra/numaestra/internal/delivery/http/middleware.go:249.65,251.3 1 42
github.com/numaestra/numaestra/internal/delivery/http/middleware.go:252.2,252.21 1 0
github.com/numaestra/numaestra/internal/delivery/http/order_handler.go:32.135,39.2 1 15
github.com/numaestra/numaestra/internal/delivery/http/order_handler.go:43.80,46.2 2 1
github.com/numaestra/numaestra/internal/delivery/http/order_handler.go:53.44,59.29 4 15
github.com/numaestra/numaestra/internal/delivery/http/order_handler.go:59.29,61.27 2 15
github.com/numaestra/numaestra/internal/delivery/http/order_handler.go:61.27,63.4 1 1
github.com/numaestra/numaestra/internal/delivery/http/order_handler.go:64.3,64.29 1 15
github.com/numaestra/numaestra/internal/delivery/http/order_handler.go:67.2,67.29 1 15
github.com/numaestra/numaestra/internal/delivery/http/order_handler.go:67.29,71.3 3 15
github.com/numaestra/numaestra/internal/delivery/http/order_handler.go:73.2,73.29 1 15
github.com/numaestra/numaestra/internal/delivery/http/order_handler.go:73.29,78.3 4 15
github.com/numaestra/numaestra/internal/delivery/http/order_handler.go:80.2,80.10 1 15
github.com/numaestra/numaestra/internal/delivery/http/order_handler.go:84.75,85.71 1 30
github.com/numaestra/numaestra/internal/delivery/http/order_handler.go:85.71,87.18 2 4
github.com/numaestra/numaestra/internal/delivery/http/order_handler.go:87.18,90.4 2 1
github.com/numaestra/numaestra/internal/delivery/http/order_handler.go:92.3,93.17 2 3
github.com/numaestra/numaestra/internal/delivery/http/order_handler.go:93.17,96.4 2 0
github.com/numaestra/numaestra/internal/delivery/http/order_handler.go:98.3,99.40 2 3
github.com/numaestra/numaestra/internal/delivery/http/order_handler.go:126.76,128.61 2 10
github.com/numaestra/numaestra/internal/delivery/http/order_handler.go:128.61,131.3 2 2
github.com/numaestra/numaestra/internal/delivery/http/order_handler.go:133.2,133.40 1 8
github.com/numaestra/numaestra/internal/delivery/http/order_handler.go:133.40,136.3 2 1
github.com/numaestra/numaestra/internal/delivery/http/order_handler.go:137.2,137.21 1 7
github.com/numaestra/numaestra/internal/delivery/http/order_handler.go:137.21,140.3 2 2
github.com/numaestra/numaestra/internal/delivery/http/order_handler.go:141.2,141.63 1 5
github.com/numaestra/numaestra/internal/delivery/http/order_handler.go:141.63,144.3 2 1
github.com/numaestra/numaestra/internal/delivery/http/order_handler.go:146.2,147.16 2 4
github.com/numaestra/numaestra/internal/delivery/http/order_handler.go:147.16,148.45 1 1
github.com/numaestra/numaestra/internal/delivery/http/order_handler.go:148.45,151.4 2 1
github.com/numaestra/numaestra/internal/delivery/http/order_handler.go:152.3,152.45 1 0
github.com/numaestra/numaestra/internal/delivery/http/order_handler.go:152.45,155.4 2 0
github.com/numaestra/numaestra/internal/delivery/http/order_handler.go:156.3,158.9 3 0
github.com/numaestra/numaestra/internal/delivery/http/order_handler.go:161.2,173.4 4 3
github.com/numaestra/numaestra/internal/delivery/http/order_handler.go:176.87,177.38 1 3
github.com/numaestra/numaestra/internal/delivery/http/order_handler.go:177.38,180.3 2 0
github.com/numaestra/numaestra/internal/delivery/http/order_handler.go:182.2,186.55 4 3
github.com/numaestra/numaestra/internal/delivery/http/order_handler.go:186.55,189.3 2 0
github.com/numaestra/numaestra/internal/delivery/http/order_handler.go:191.2,191.54 1 3
github.com/numaestra/numaestra/internal/delivery/http/order_handler.go:191.54,195.3 3 1
github.com/numaestra/numaestra/internal/delivery/http/order_handler.go:197.2,198.16 2 2
github.com/numaestra/numaestra/internal/delivery/http/order_handler.go:198.16,201.3 2 0
github.com/numaestra/numaestra/internal/delivery/http/order_handler.go:203.2,204.16 2 2
github.com/numaestra/numaestra/internal/delivery/http/order_handler.go:204.16,208.3 3 0
github.com/numaestra/numaestra/internal/delivery/http/order_handler.go:210.2,210.87 1 2
github.com/numaestra/numaestra/internal/delivery/http/order_handler.go:210.87,211.55 1 1
github.com/numaestra/numaestra/internal/delivery/http/order_handler.go:211.55,215.4 3 1
github.com/numaestra/numaestra/internal/delivery/http/order_handler.go:216.3,218.9 3 0
github.com/numaestra/numaestra/internal/delivery/http/order_handler.go:222.2,223.34 2 1
github.com/numaestra/numaestra/internal/delivery/http/order_handler.go:240.73,245.16 4 2
github.com/numaestra/numaestra/internal/delivery/http/order_handler.go:245.16,248.3 2 0
github.com/numaestra/numaestra/internal/delivery/http/order_handler.go:249.2,249.27 1 2
github.com/numaestra/numaestra/internal/delivery/http/order_handler.go:249.27,252.3 2 1
github.com/numaestra/numaestra/internal/delivery/http/order_handler.go:254.2,255.35 2 1
github.com/numaestra/numaestra/internal/delivery/http/order_handler.go:255.35,261.3 1 0
github.com/numaestra/numaestra/internal/delivery/http/order_handler.go:263.2,269.4 1 1
github.com/numaestra/numaestra/internal/delivery/http/order_handler.go:283.75,292.33 4 1
github.com/numaestra/numaestra/internal/delivery/http/order_handler.go:292.33,294.3 1 1
github.com/numaestra/numaestra/internal/delivery/http/order_handler.go:294.8,296.3 1 0
github.com/numaestra/numaestra/internal/delivery/http/order_handler.go:297.2,297.16 1 1
github.com/numaestra/numaestra/internal/delivery/http/order_handler.go:297.16,301.3 3 0
github.com/numaestra/numaestra/internal/delivery/http/order_handler.go:303.2,304.27 2 1
github.com/numaestra/numaestra/internal/delivery/http/order_handler.go:304.27,313.3 1 1
github.com/numaestra/numaestra/internal/delivery/http/order_handler.go:315.2,315.36 1 1
github.com/numaestra/numaestra/internal/delivery/http/order_handler.go:320.59,322.77 2 8
github.com/numaestra/numaestra/internal/delivery/http/order_handler.go:322.77,323.14 1 2
github.com/numaestra/numaestra/internal/delivery/http/order_handler.go:323.14,325.4 1 1
github.com/numaestra/numaestra/internal/delivery/http/order_handler.go:326.3,326.12 1 2
github.com/numaestra/numaestra/internal/delivery/http/order_handler.go:328.2,328.79 1 8
github.com/numaestra/numaestra/internal/delivery/http/order_handler.go:328.79,330.3 1 1
github.com/numaestra/numaestra/internal/delivery/http/order_handler.go:331.2,331.8 1 8
github.com/numaestra/numaestra/internal/delivery/http/respond.go:12.81,16.63 4 24
github.com/numaestra/numaestra/internal/delivery/http/respond.go:16.63,18.3 1 1
github.com/numaestra/numaestra/internal/delivery/http/respond.go:19.2,19.33 1 24
github.com/numaestra/numaestra/internal/delivery/http/respond.go:23.61,27.2 3 13
github.com/numaestra/numaestra/pkg/suno/client.go:35.50,43.2 1 4
github.com/numaestra/numaestra/pkg/suno/client.go:67.89,71.16 3 2
github.com/numaestra/numaestra/pkg/suno/client.go:71.16,73.3 1 0
github.com/numaestra/numaestra/pkg/suno/client.go:75.2,76.16 2 2
github.com/numaestra/numaestra/pkg/suno/client.go:76.16,78.3 1 0
github.com/numaestra/numaestra/pkg/suno/client.go:80.2,81.20 2 2
github.com/numaestra/numaestra/pkg/suno/client.go:81.20,83.3 1 2
github.com/numaestra/numaestra/pkg/suno/client.go:85.2,86.16 2 2
github.com/numaestra/numaestra/pkg/suno/client.go:86.16,88.3 1 0
github.com/numaestra/numaestra/pkg/suno/client.go:89.2,91.38 2 2
github.com/numaestra/numaestra/pkg/suno/client.go:91.38,94.3 2 1
github.com/numaestra/numaestra/pkg/suno/client.go:96.2,97.66 2 1
github.com/numaestra/numaestra/pkg/suno/client.go:97.66,99.3 1 0
github.com/numaestra/numaestra/pkg/suno/client.go:101.2,101.19 1 1
github.com/numaestra/numaestra/pkg/suno/client.go:105.81,106.19 1 2
github.com/numaestra/numaestra/pkg/suno/client.go:106.19,108.3 1 1
github.com/numaestra/numaestra/pkg/suno/client.go:110.2,113.16 3 1
github.com/numaestra/numaestra/pkg/suno/client.go:113.16,115.3 1 0
github.com/numaestra/numaestra/pkg/suno/client.go:117.2,117.20 1 1
github.com/numaestra/numaestra/pkg/suno/client.go:117.20,119.3 1 1
github.com/numaestra/numaestra/pkg/suno/client.go:121.2,122.16 2 1
github.com/numaestra/numaestra/pkg/suno/client.go:122.16,124.3 1 0
github.com/numaestra/numaestra/pkg/suno/client.go:125.2,127.38 2 1
github.com/numaestra/numaestra/pkg/suno/client.go:127.38,130.3 2 0
github.com/numaestra/numaestra/pkg/suno/client.go:132.2,133.66 2 1
github.com/numaestra/numaestra/pkg/suno/client.go:133.66,135.3 1 0
github.com/numaestra/numaestra/pkg/suno/client.go:137.2,137.19 1 1
github.com/numaestra/numaestra/pkg/suno/mock.go:19.89,20.27 1 2
github.com/numaestra/numaestra/pkg/suno/mock.go:20.27,22.3 1 1
github.com/numaestra/numaestra/pkg/suno/mock.go:23.2,26.8 1 1
github.com/numaestra/numaestra/pkg/suno/mock.go:30.81,31.26 1 1
github.com/numaestra/numaestra/pkg/suno/mock.go:31.26,33.3 1 0
github.com/numaestra/numaestra/pkg/suno/mock.go:34.2,35.25 2 1
github.com/numaestra/numaestra/pkg/suno/mock.go:35.25,42.3 1 2
github.com/numaestra/numaestra/pkg/suno/mock.go:43.2,43.19 1 1
github.com/numaestra/numaestra/internal/worker/processor.go:36.84,41.2 1 6
github.com/numaestra/numaestra/internal/worker/processor.go:45.97,47.44 2 4
github.com/numaestra/numaestra/internal/worker/processor.go:47.44,49.3 1 0
github.com/numaestra/numaestra/internal/worker/processor.go:50.2,50.10 1 4
github.com/numaestra/numaestra/internal/worker/processor.go:54.87,56.62 2 2
github.com/numaestra/numaestra/internal/worker/processor.go:56.62,58.3 1 1
github.com/numaestra/numaestra/internal/worker/processor.go:60.2,66.73 5 1
github.com/numaestra/numaestra/internal/worker/processor.go:66.73,69.3 2 0
github.com/numaestra/numaestra/internal/worker/processor.go:71.2,71.12 1 1
github.com/numaestra/numaestra/internal/worker/processor.go:77.92,79.9 2 2
github.com/numaestra/numaestra/internal/worker/processor.go:79.9,83.3 2 1
github.com/numaestra/numaestra/internal/worker/processor.go:85.2,89.66 4 1
github.com/numaestra/numaestra/internal/worker/processor.go:89.66,91.3 1 0
github.com/numaestra/numaestra/internal/worker/processor.go:95.55,96.18 1 2
github.com/numaestra/numaestra/internal/worker/processor.go:97.35,99.58 2 1
github.com/numaestra/numaestra/internal/worker/processor.go:99.58,101.4 1 1
github.com/numaestra/numaestra/internal/worker/processor.go:102.3,102.44 1 0
github.com/numaestra/numaestra/internal/worker/processor.go:103.33,105.58 2 1
github.com/numaestra/numaestra/internal/worker/processor.go:105.58,107.4 1 0
github.com/numaestra/numaestra/internal/worker/processor.go:108.3,108.44 1 1
github.com/numaestra/numaestra/internal/worker/processor.go:109.10,110.25 1 0
github.com/numaestra/numaestra/internal/worker/processor.go:115.90,117.62 2 2
github.com/numaestra/numaestra/internal/worker/processor.go:117.62,119.3 1 1
github.com/numaestra/numaestra/internal/worker/processor.go:121.2,128.16 6 1
github.com/numaestra/numaestra/internal/worker/processor.go:128.16,129.52 1 1
github.com/numaestra/numaestra/internal/worker/processor.go:129.52,132.4 2 1
github.com/numaestra/numaestra/internal/worker/processor.go:133.3,134.13 2 0
github.com/numaestra/numaestra/internal/worker/processor.go:137.2,137.12 1 0
github.com/numaestra/numaestra/pkg/health/health.go:35.60,37.2 1 4
github.com/numaestra/numaestra/pkg/health/health.go:46.67,56.27 5 4
github.com/numaestra/numaestra/pkg/health/health.go:56.27,57.16 1 7
github.com/numaestra/numaestra/pkg/health/health.go:57.16,59.9 2 2
github.com/numaestra/numaestra/pkg/health/health.go:63.2,64.21 2 4
github.com/numaestra/numaestra/pkg/health/health.go:64.21,66.3 1 2
github.com/numaestra/numaestra/pkg/health/health.go:68.2,70.77 3 4
github.com/numaestra/numaestra/pkg/health/health.go:73.61,74.39 1 4
github.com/numaestra/numaestra/pkg/health/health.go:74.39,76.3 1 1
github.com/numaestra/numaestra/pkg/health/health.go:77.2,77.13 1 3
github.com/numaestra/numaestra/pkg/health/health.go:80.39,87.46 3 4
github.com/numaestra/numaestra/pkg/health/health.go:87.46,89.3 1 1
github.com/numaestra/numaestra/pkg/health/health.go:90.2,90.13 1 3
github.com/numaestra/numaestra/internal/repository/queue/asynq_publisher.go:39.62,41.2 1 4
github.com/numaestra/numaestra/internal/repository/queue/asynq_publisher.go:46.94,48.16 2 3
github.com/numaestra/numaestra/internal/repository/queue/asynq_publisher.go:48.16,50.3 1 0
github.com/numaestra/numaestra/internal/repository/queue/asynq_publisher.go:52.2,62.71 3 3
github.com/numaestra/numaestra/internal/repository/queue/asynq_publisher.go:62.71,63.46 1 1
github.com/numaestra/numaestra/internal/repository/queue/asynq_publisher.go:63.46,65.4 1 1
github.com/numaestra/numaestra/internal/repository/queue/asynq_publisher.go:66.3,66.103 1 0
github.com/numaestra/numaestra/internal/repository/queue/asynq_publisher.go:68.2,68.12 1 2
github.com/numaestra/numaestra/internal/repository/queue/asynq_publisher.go:71.113,74.16 2 1
github.com/numaestra/numaestra/internal/repository/queue/asynq_publisher.go:74.16,76.3 1 0
github.com/numaestra/numaestra/internal/repository/queue/asynq_publisher.go:77.2,81.106 2 1
github.com/numaestra/numaestra/internal/repository/queue/asynq_publisher.go:81.106,83.3 1 0
github.com/numaestra/numaestra/internal/repository/queue/asynq_publisher.go:84.2,84.12 1 1
